2,0,-9.08843393474242987e-05,0.00000000000000000e+00
2,1,1.46641235502818989e-11,1.17327642348891990e-09
2,2,3.46730964706962977e-05,9.07918983437229000e-10
3,0,-3.19733080846103984e-06,0.00000000000000000e+00
3,1,2.63680066243544995e-05,5.45454563596142018e-06
3,2,1.41715288028556996e-05,4.87803657917276037e-06
3,3,1.22752083681140992e-05,-1.77422218285902999e-06
4,0,3.23478084425701002e-06,0.00000000000000000e+00
4,1,-6.01348318395320999e-06,1.66431982043555006e-06
4,2,-7.11616210558463041e-06,-6.77704715373342034e-06
4,3,-1.34986984039430004e-06,-1.34449765753812007e-05
4,4,-6.00696211618408021e-06,3.92641303770333039e-06
5,0,-2.23785313567789993e-07,0.00000000000000000e+00
5,1,-1.01159599382823004e-06,-4.11890785739650002e-06
5,2,4.39952358728549001e-06,1.05713908047236010e-06
5,3,4.66137222270332999e-07,8.69888197369833080e-06
5,4,2.75425414872044996e-06,6.76775152179037055e-08
5,5,3.11055173860014018e-06,-2.75441116751477009e-06
6,0,3.81842823264222003e-06,0.00000000000000000e+00
6,1,1.52825878706451992e-06,-2.59959538857526990e-06
6,2,-4.39730529189300995e-06,-2.16769181777775018e-06
6,3,-3.31750958457779001e-06,-3.42742447132513014e-06
6,4,3.41236015409078004e-07,-4.05805588743887987e-06
6,5,1.45441719352624993e-06,-1.03417778567895998e-05
6,6,-4.68422596748017011e-06,7.22985456554149996e-06
7,0,5.59341366333206974e-06,0.00000000000000000e+00
7,1,7.47166913765195039e-06,-1.19732690546034010e-07
7,2,-6.50148395564303020e-07,2.41110721047320998e-06
7,3,5.99419168806805026e-07,2.35732740786508011e-06
7,4,-8.43674177637877955e-07,7.56527466536584974e-07
7,5,-2.06861850864985997e-07,1.06931436699906000e-06
7,6,-1.06523323030420006e-06,1.10049729553216001e-06
7,7,-1.82044680949560008e-06,-1.60025922803225995e-06
8,0,2.34682869960587986e-06,0.00000000000000000e+00
8,1,4.16835455718028029e-09,1.09803799314549991e-06
8,2,3.00931218795022018e-06,1.93057394007546990e-06
8,3,-1.88903992116536996e-06,9.54475808191722991e-07
8,4,3.40869328862075008e-06,-5.28250369882883032e-07
8,5,-1.24806460463771003e-06,2.91856136202220001e-06
8,6,-1.66041799989033008e-06,-2.11468285693953013e-06
8,7,-1.50968986638401997e-06,3.26885560232418983e-06
8,8,-2.48568452353413988e-06,2.11634696047063994e-06
9,0,-3.53090904581200012e-06,0.00000000000000000e+00
9,1,1.86697747759236001e-06,8.10427424849240961e-08
9,2,1.92781065688753012e-06,-1.38756261931307999e-06
9,3,-1.99242389921462984e-06,2.20175429671184993e-06
9,4,-1.88442898977504990e-06,-1.42579465072462995e-06
9,5,-1.56252714097928005e-06,-3.52468129042358000e-06
9,6,-2.12719858138384016e-06,-3.00261256805840008e-06
9,7,-3.91482387530064977e-06,-1.06883874182924003e-07
9,8,-1.31198123151744003e-06,-2.20345426972816985e-06
9,9,-9.38199795809300033e-07,2.48813970379409008e-06
10,0,-1.06929570807354000e-06,0.00000000000000000e+00
10,1,8.41600177453627991e-07,-9.54071212915096990e-07
10,2,3.57243824774466989e-07,-2.65112419377802009e-07
10,3,4.84198912540399005e-07,6.68837096488516035e-07
10,4,-3.57297054041999980e-06,1.57891392885248991e-06
10,5,6.99701528932102037e-07,-3.14579343268153003e-07
10,6,-1.27292094284050007e-07,-2.09529720810627988e-06
10,7,-3.99864454413244031e-06,-9.10748145843402002e-07
10,8,-3.55943587407989011e-06,2.84885123302080013e-06
10,9,-4.75315247709835996e-06,-5.15473747900404000e-08
10,10,9.47930299116786962e-07,-1.71939347821438008e-06
11,0,-8.85208615166062003e-07,0.00000000000000000e+00
11,1,-1.94626204683324988e-08,6.14245417357704961e-07
11,2,6.99522385344551009e-07,-1.96804518850692980e-06
11,3,4.08418865334150010e-07,7.36265619259219985e-07
11,4,-1.08676953065587002e-06,2.19087149574071983e-06
11,5,5.03211023269139977e-08,2.58802411427558011e-06
11,6,5.24336662166266966e-07,-1.36700015989947005e-06
11,7,-8.45289573632761968e-08,-2.84109830433909014e-06
11,8,-2.09527880248642016e-06,-3.82944795394581977e-07
11,9,-2.33487426215561001e-06,2.52636082222906983e-07
11,10,-4.68058910136430959e-06,-1.73631948232556998e-07
11,11,-2.88880400859038018e-06,-1.74640011885084007e-06
12,0,-2.01226051734885985e-06,0.00000000000000000e+00
12,1,-7.06875757264795947e-07,1.64778980167219993e-06
12,2,-1.05210212327951995e-07,1.50781740289942999e-06
12,3,8.55707577212029052e-07,-4.05895500997700017e-06
12,4,8.13015295507438052e-07,-3.44606978433129989e-07
12,5,2.12951488074673993e-10,8.93626105124936031e-07
12,6,1.08906869036245007e-06,5.45246577132863007e-07
12,7,2.14000056972224985e-06,-9.67552257143057075e-07
12,8,3.98569816237522990e-07,-2.20653400342541993e-06
12,9,-1.34518354588944005e-06,1.09502481890218001e-06
12,10,-3.07547946778275986e-06,-1.27393507948480998e-06
12,11,-9.81826679468735931e-07,-3.28459319929947979e-07
12,12,3.02761261438325006e-07,1.24689401644202009e-06
13,0,2.56486274984743007e-07,0.00000000000000000e+00
13,1,1.35445985893917995e-06,-7.66639989602829035e-08
13,2,-3.42523894951530010e-06,3.83961002911709988e-07
13,3,-4.33341597641943994e-07,-1.45631076066849005e-06
13,4,7.77268056729159009e-07,-5.81923470387472998e-07
13,5,-1.18635044270644008e-06,1.02133699024702996e-06
13,6,-2.76767366260447004e-08,1.38423797101229004e-06
13,7,-1.62131874442317990e-07,-6.72668060721579961e-07
13,8,-2.92282511180535991e-07,-1.21052496073078997e-06
13,9,-1.69928327872483011e-07,5.27500875333564992e-07
13,10,-6.74304689505589955e-07,4.52861698498086990e-07
13,11,-1.30569719161679004e-06,4.39046320942833004e-07
13,12,-5.74383411901503013e-07,-1.52235165963216007e-06
13,13,2.49941396926021986e-06,-2.66879665170146017e-06
14,0,4.92253752928671024e-07,0.00000000000000000e+00
14,1,5.65427490571174012e-07,-6.82106047328512959e-07
14,2,3.64418873352957006e-07,3.55211442709504025e-07
14,3,5.57890937582026023e-07,1.67998975682671005e-07
14,4,-3.90525130814492012e-07,-2.58206347169497991e-06
14,5,-7.82388329924159989e-07,-2.15999471406792009e-07
14,6,-6.09617744605764027e-07,1.86228331696210003e-06
14,7,-5.15427012020841051e-07,1.16151060810632991e-06
14,8,3.06147763632193003e-07,4.41468860065623020e-07
14,9,8.05104140402023051e-08,-1.63803664061032002e-06
14,10,-7.78211989707419994e-07,5.93032829209870997e-07
14,11,-1.92851195690219004e-06,1.93721987644989007e-06
14,12,-1.44854422837706001e-06,-5.39501411786004981e-07
14,13,-3.21409784916832990e-07,-1.01779919715745005e-06
14,14,-6.13514184139904038e-07,1.07109409795367998e-06
15,0,-2.28091037338638005e-07,0.00000000000000000e+00
15,1,-7.97529128052305008e-07,3.53618647068778997e-07
15,2,-5.40153050081627032e-08,7.44655784950261016e-07
15,3,-1.37824369905960000e-06,-6.30709332736746002e-07
15,4,-9.56053069124003033e-07,-1.32337360864688000e-06
15,5,7.73764294398092006e-09,-8.93391151795580011e-07
15,6,-6.44173301190102000e-08,-3.30666695304125020e-07
15,7,1.12527782497832991e-06,1.48941544540479990e-06
15,8,1.31508495334200000e-06,1.88656151613926007e-06
15,9,-8.51931182644894972e-08,-1.01163053055810999e-06
15,10,-6.01594701251723986e-08,4.22715177243213008e-07
15,11,-1.42627363084200989e-06,-1.50244181579023004e-06
15,12,-1.76721230060235005e-06,-4.71790704681298012e-07
15,13,-4.04927205617064018e-07,3.09507418049870998e-07
15,14,8.23466369367177042e-07,5.61453814019195996e-07
15,15,5.48397973768141006e-07,7.77871257191020035e-07
16,0,5.56850705561859959e-07,0.00000000000000000e+00
16,1,1.15590020766554002e-07,8.25251195082713987e-07
16,2,1.45523453951026990e-06,7.65555273387753988e-09
16,3,-1.94272887178852008e-07,5.23335356423426015e-07
16,4,6.85952362460502025e-07,3.12441287446829011e-07
16,5,7.63428519655140997e-07,-6.48483985778643981e-07
16,6,7.29809062764419952e-07,-7.28073087873590986e-07
16,7,-2.80700660476123021e-07,-5.80400025286807970e-07
16,8,2.37140587632350001e-08,3.20097171590971998e-07
16,9,-7.80675014803576973e-07,-8.23366094894173996e-07
16,10,2.27216072158984998e-07,3.35647976128898014e-08
16,11,-3.31471306532052009e-07,7.72189980647680952e-07
16,12,-1.29418804672695997e-06,9.15835641364598970e-07
16,13,-1.79896705937707005e-07,-1.63001156456366001e-07
16,14,-6.79885133937931979e-07,1.77610319090629990e-07
16,15,-3.64755269636700991e-07,-1.01580363000610998e-06
16,16,-9.05345373976153050e-07,-9.18790781940958960e-07
17,0,-1.03303106983608001e-06,0.00000000000000000e+00
17,1,5.02020313785415974e-07,7.62602694220874950e-08
17,2,-2.90723560531806984e-07,-8.72584094860499948e-07
17,3,-2.67695075559142009e-08,-5.02252046604125019e-07
17,4,1.28511819785619004e-06,2.03754850560508016e-06
17,5,1.90664123709318005e-07,-6.04288719484347976e-07
17,6,7.21245314032100032e-07,-1.24585468243840005e-06
17,7,-1.29878067864698998e-06,-1.55626910255856992e-06
17,8,-2.11457478251101010e-07,-4.70448536652941982e-07
17,9,3.28221281253284025e-07,1.37164358319678009e-06
17,10,4.16278568177828015e-07,6.13697288371784947e-07
17,11,1.14396632543268000e-06,-2.02002669828053006e-07
17,12,9.59468421709942985e-07,1.79558884321165012e-07
17,13,-3.97240289664394014e-08,-2.22295028084873987e-07
17,14,4.03124378531113982e-07,3.04564838354858996e-07
17,15,-6.43061185737832004e-08,-5.04585873124852026e-07
17,16,-3.16948753579593007e-07,-2.51511786584790991e-07
17,17,-3.80810558922076988e-07,1.50475100208771990e-06
18,0,-5.20318037607600042e-07,0.00000000000000000e+00
18,1,3.60417362341405001e-07,2.68394722530071014e-08
18,2,-3.16616637168252999e-07,-7.26118894368075048e-07
18,3,9.95224772667744964e-07,4.32675357744222020e-07
18,4,-8.03066055909037970e-07,1.09131572291819991e-06
18,5,-5.19301019550562987e-07,7.31915132576044954e-08
18,6,-1.70131109074908006e-06,7.33897477328420012e-07
18,7,-2.18298247315740990e-07,-1.13372598388202003e-06
18,8,4.44593725784549020e-07,2.86809319286534018e-07
18,9,5.50729881715491008e-07,-6.37399075835345014e-07
18,10,3.58196021920082005e-07,-5.50099607902246035e-07
18,11,4.21297581582457025e-07,-1.29797638146927010e-06
18,12,8.30853224251299006e-07,2.34768255298403011e-07
18,13,-1.21584290414510994e-06,-1.00188152438715003e-07
18,14,6.11131435314263025e-08,-1.13204953998540991e-06
18,15,2.43222389431483997e-07,-1.08445317717208007e-06
18,16,8.98818877442322988e-07,-2.13583441866256994e-07
18,17,1.23003168705941993e-06,-4.71252900065682984e-07
18,18,-2.09700320170868993e-07,-2.85129546867932010e-07
19,0,2.15651342506542987e-07,0.00000000000000000e+00
19,1,-5.91241422855977048e-07,1.31315514941780008e-07
19,2,1.73004661392624012e-07,-3.71778062152933991e-07
19,3,-6.31985513513375035e-07,9.76607340472817014e-07
19,4,-9.93484502273379035e-07,-1.05390460197271003e-06
19,5,-2.58451140502575982e-07,1.48326605364967008e-06
19,6,1.58715316799278007e-07,3.80066685581757984e-07
19,7,1.22344593573603996e-06,4.91157715517917960e-07
19,8,6.51191135229304032e-07,8.66678765842286965e-07
19,9,-6.53743523749968978e-08,-4.22220697516912992e-07
19,10,-7.82435692282122005e-07,-2.26004340272906001e-07
19,11,9.20058261035057065e-09,-1.75267088120244988e-07
19,12,-1.10439271552986006e-07,-2.87175491692542988e-07
19,13,7.44983576563944047e-07,2.23184645420164013e-06
19,14,-1.26051355067079013e-07,5.39892147737152980e-07
19,15,8.39042216266343944e-08,8.25110359670713973e-08
19,16,-5.51679897573659017e-08,6.89477425543505977e-07
19,17,-1.06901761117166996e-06,-1.86867874310779010e-06
19,18,1.12382281911140010e-06,-2.16510557615611992e-08
19,19,6.02026663093536965e-07,3.65377963287491005e-07
20,0,3.35561004620513002e-07,0.00000000000000000e+00
20,1,-1.97052954364720002e-07,-3.82572170898297023e-07
20,2,8.12798877149676997e-07,3.41187706471220987e-09
20,3,6.35212022856119981e-07,-2.65492302430835013e-07
20,4,4.63553497034252978e-07,-4.88852998479243998e-07
20,5,2.18985726009639988e-07,-3.03142869587545017e-07
20,6,-1.91320488178042003e-07,3.29942127329450012e-07
20,7,-6.75939935814346984e-07,-7.31490810387696953e-07
20,8,2.34569406791159006e-07,6.92853010146379020e-08
20,9,-3.84656307769583009e-07,1.09874503721031999e-07
20,10,3.25988055857711976e-07,4.89062520037659967e-08
20,11,2.45289976065990974e-07,1.12943116474896994e-06
20,12,1.31138819329962001e-07,-9.83239000465122078e-07
20,13,8.30464699271620052e-07,6.17667927928830968e-07
20,14,-1.46241481682192994e-07,8.28340282978388019e-08
20,15,-3.24710956430121982e-07,9.19830630505329011e-08
20,16,9.28354319490871020e-07,-6.11590905605328006e-07
20,17,7.93274934877149005e-07,-1.18505495547054995e-06
20,18,8.44975484441182050e-07,-3.41847269813635021e-08
20,19,-2.17254735023129995e-07,3.05170282176950996e-07
20,20,-1.35227027418988013e-07,-3.58790867489153024e-07
21,0,-5.60132599765054007e-08,0.00000000000000000e+00
21,1,3.77427386984350970e-08,5.53058699345019968e-07
21,2,-1.36383965179031003e-06,-3.90991752411919995e-07
21,3,3.45278191842823016e-07,-9.28311037914109045e-07
21,4,-7.63806616483232047e-07,7.41880025875120038e-07
21,5,3.33321613126444017e-07,9.01495390407211009e-08
21,6,-6.22910493767545019e-08,-4.02187400540941996e-07
21,7,-3.75339668321770014e-07,6.19233671482824022e-07
21,8,-8.11298326044002019e-07,-3.25472540875497970e-08
21,9,6.07643774357253998e-08,-5.41626584183852958e-07
21,10,4.79278983413846962e-07,-5.73582888161440998e-08
21,11,-3.14973258380105010e-07,-1.73079351531717005e-07
21,12,-2.93770033465088986e-07,4.03946998188502024e-07
21,13,-2.71378709223216013e-07,-1.76885889673479001e-07
21,14,-1.59082808056547007e-07,3.48677382582600010e-07
21,15,-3.76831614911255990e-07,1.92646636162528994e-07
21,16,1.13523439229486994e-06,-2.91970846881689021e-07
21,17,8.69094120871404016e-07,1.46679527763719006e-06
21,18,-1.11554323632466996e-07,-6.06390944782505027e-07
21,19,1.87210454887393008e-06,1.48951126975867005e-07
21,20,-4.32147507929505976e-07,2.54408121555551011e-06
21,21,-3.34096791911540025e-07,3.24097303092637989e-07
22,0,-8.41418488397941023e-08,0.00000000000000000e+00
22,1,-3.02875691916162015e-07,2.51471989630006989e-07
22,2,-3.62923624661286021e-07,-9.01655546863278991e-08
22,3,5.90728630234349985e-07,6.58227411488241984e-07
22,4,3.55948767906759975e-07,7.15625369537619983e-08
22,5,4.76701698939551013e-07,-7.71643048338311985e-07
22,6,-2.35955098959392988e-07,1.83920735831654999e-07
22,7,3.69320359550459984e-07,6.64028767719934990e-07
22,8,1.75021572538108993e-07,-4.07133093326839008e-07
22,9,7.38465943565557991e-07,1.18861736378202002e-07
22,10,-3.85685000348067996e-07,6.04642389090526041e-07
22,11,-3.65136062212958014e-07,-7.10253192790090028e-07
22,12,-2.24793022742322000e-09,4.02139384663107011e-08
22,13,-3.39415426596084014e-07,2.01573542435897007e-07
22,14,-9.27326153812291045e-07,1.18901214986259007e-06
22,15,-2.12717194440272003e-07,-1.76891681390216989e-07
22,16,-6.18737886864583048e-07,4.79354923143469043e-07
22,17,-7.09649211075806962e-07,-7.66067166561379999e-08
22,18,5.18019545619392968e-07,-2.66704104955928016e-07
22,19,-4.98115640071207019e-07,3.25414530589421980e-07
22,20,6.66629987365716997e-07,-5.14059313453132962e-07
22,21,-1.68639683759844003e-07,7.62288436200909038e-08
22,22,3.56138880005437976e-07,6.56462147581011023e-07
23,0,-3.85435944288466010e-07,0.00000000000000000e+00
23,1,2.83589598144182992e-07,-8.34422899768331051e-07
23,2,4.57267016207143012e-07,-8.72017234513882019e-08
23,3,-6.95793611555748039e-07,3.19071411179846000e-07
23,4,4.11374137204015015e-07,-6.00125380416722989e-07
23,5,-2.26363542038541012e-07,7.30859299625126004e-07
23,6,4.02169339004200005e-07,9.62494694354275016e-08
23,7,4.15501024929293019e-07,-7.76747173420740038e-07
23,8,3.48766225891542977e-07,-3.50517225613258984e-07
23,9,1.01426436898256001e-06,7.23680382593148971e-08
23,10,-6.99022426146301047e-07,1.72476918225487010e-07
23,11,2.96306868432388004e-08,1.58321663956467012e-07
23,12,3.16421630221318017e-07,-4.73319090967615009e-07
23,13,-7.79470422408882047e-07,2.26081865465500997e-07
23,14,7.52320805321221004e-07,-4.32120592235582002e-07
23,15,2.73637951812555992e-07,6.54375929321332050e-08
23,16,-5.72540446244306954e-07,2.63614539433779989e-07
23,17,-3.30655470953419018e-07,-3.83452077295691022e-07
23,18,-3.36949608998064008e-08,3.04595885804425989e-07
23,19,-4.34561013370092994e-09,-6.09667049034865062e-08
23,20,-1.99251886219039001e-08,3.81031700023887008e-07
23,21,-5.91193645721331010e-07,3.04200862605177976e-07
23,22,-9.85982922201821962e-07,-4.88896881253062004e-07
23,23,-1.06136257134578000e-06,2.49420627205496987e-07
24,0,3.98976961980350028e-09,0.00000000000000000e+00
24,1,3.39038852433941982e-07,-2.72904277427707982e-07
24,2,4.21381092811065992e-07,3.63044246087383992e-07
24,3,-1.04690501573290994e-07,-9.52670059930369047e-07
24,4,5.20160628085283005e-07,1.96659802421476009e-07
24,5,4.70757248445343015e-08,-1.01379910314392997e-07
24,6,-3.80146708187875980e-07,2.97333699402686009e-08
24,7,3.51111977290196026e-07,1.46588228559997988e-07
24,8,5.36320177890558987e-07,2.12661846187225991e-07
24,9,-6.10819550332872958e-07,-7.01659509410261007e-08
24,10,-4.29117028611885999e-07,1.34845314339301005e-07
24,11,2.06893748331960006e-07,-3.80919280826167013e-07
24,12,1.20488627187933006e-06,-4.16312499457795989e-08
24,13,3.32600667319803997e-07,-3.83469799285555020e-07
24,14,8.16913940675297996e-07,-6.48007964977237015e-07
24,15,-1.83752655958166009e-07,3.80721782147879025e-07
24,16,2.61930581326841010e-07,-2.13791190236198009e-07
24,17,5.84980307837969949e-07,2.51576604552995991e-07
24,18,-9.95607618759609983e-07,-6.53380311666575021e-07
24,19,4.64182605974592024e-07,-6.31343201498832002e-07
24,20,-3.49295510093933998e-07,-1.68771796381089995e-07
24,21,2.98554095011265977e-07,1.57733645823272996e-07
24,22,1.20685238172538006e-07,7.23891663137323949e-07
24,23,-1.77055409598901998e-08,-3.56896739539756025e-07
24,24,9.70876729023693062e-07,-9.44548092137929030e-07
25,0,-2.15760816235967990e-07,0.00000000000000000e+00
25,1,-4.85665935118549029e-08,5.29185975073327007e-07
25,2,-6.61362061780363989e-07,5.39151716851423011e-08
25,3,6.74363767420419951e-07,-1.45731560257696000e-07
25,4,-5.79054746300833966e-07,-7.09980630957274038e-08
25,5,2.00609236276523993e-07,8.10172681266762961e-07
25,6,-2.53873830376248018e-07,3.34510086426565994e-07
25,7,6.90856078373692984e-07,9.66557316383850078e-07
25,8,-9.98742087415860945e-07,9.95757314744849025e-07
25,9,-3.55542856620663978e-07,9.83524011479781034e-08
25,10,-2.23694827316270985e-08,7.12611602367425966e-07
25,11,-2.59103808498717985e-08,-3.99267250820817997e-07
25,12,1.27931962536573989e-07,4.43034099044623033e-09
25,13,3.17986018813642020e-07,2.73789705685565022e-07
25,14,-6.39847876106320978e-07,6.84839140793752974e-07
25,15,1.47432602902596012e-07,3.70790806685169979e-08
25,16,2.20499077291526992e-07,-5.94238570186952990e-07
25,17,3.11819149204740985e-08,-4.86787734090461020e-07
25,18,-8.45782575515629048e-08,1.32465496343931999e-07
25,19,-8.18741819365177045e-07,-1.33402758798495010e-07
25,20,-4.56325384753303003e-08,-4.00767755157757998e-07
25,21,6.82534721845462956e-07,-2.90762293002659998e-07
25,22,-3.38690610692957985e-07,-7.88086666749634046e-07
25,23,9.26004757480144019e-07,-3.58799441587469012e-07
25,24,9.22505038957804971e-07,-3.06612673597306987e-08
25,25,-1.31638248574518999e-07,5.60145412882449965e-07
26,0,2.83872228382198004e-08,0.00000000000000000e+00
26,1,1.63939379791632011e-07,2.22233195908577006e-07
26,2,6.58524878531063039e-07,-1.96262218375368008e-07
26,3,1.93272404938861002e-07,6.64472034248480967e-07
26,4,3.46588122008080005e-07,2.44732550399667977e-07
26,5,6.03020060277002950e-08,-7.76556235391724959e-07
26,6,-5.19915196520322973e-07,-1.35048153887433009e-07
26,7,1.15437137597677006e-08,-4.39322837191254018e-07
26,8,-1.14134702787728994e-09,1.52158928163299994e-07
26,9,5.84465181208516027e-08,7.00902742125653979e-07
26,10,-3.09745880629039980e-07,-1.09221202773580008e-08
26,11,1.63545673371692013e-07,3.23291293643554997e-07
26,12,-4.24634593015409008e-07,-7.90094716315019981e-07
26,13,1.32094342599986009e-07,4.26659383140978015e-07
26,14,-1.20498437309992004e-07,8.89887377323850022e-08
26,15,4.41298431876254989e-08,-2.54292029816439002e-07
26,16,-1.02894512742272997e-07,4.00561343654400009e-07
26,17,-3.58497346923545005e-07,8.40191272540955941e-08
26,18,1.05112193088992005e-08,2.99708244678734976e-07
26,19,-1.94133091892037999e-07,2.11413252908903995e-07
26,20,-2.60123167199958991e-07,6.82649373257158981e-07
26,21,-5.30153463103092997e-07,-5.37748386355292975e-07
26,22,-9.32069704417285004e-07,8.59469934260151007e-07
26,23,1.03463480903982002e-07,-6.27390810549321045e-08
26,24,-7.25135657906272012e-07,-1.17215792571040998e-08
26,25,7.44614236587233022e-08,-3.40043287105659967e-08
26,26,1.09720621263701006e-07,4.78022951350496992e-07
27,0,-6.35485141308503042e-07,0.00000000000000000e+00
27,1,6.16324481342209045e-07,2.29293887155834999e-08
27,2,-2.04986177110898993e-07,-4.29220893182432988e-07
27,3,5.60107065469548954e-07,8.74039093642607027e-08
27,4,-4.00719233963377980e-07,3.21361408472928021e-07
27,5,-6.90447611013666038e-07,1.39099510576999003e-08
27,6,6.47624808831962996e-09,4.63189600118522024e-07
27,7,2.57338466994241974e-07,-3.58557365993100999e-07
27,8,4.12567334851272028e-08,-7.58803946544295946e-08
27,9,-6.17577729773826030e-07,1.00223110005490003e-07
27,10,6.55747934596790035e-08,-6.36135034862970047e-07
27,11,3.45349016156387994e-07,-4.38486710327526023e-07
27,12,-4.40093928995943007e-07,-5.20519523163945049e-07
27,13,2.35686642673384003e-07,-1.49246055319769998e-07
27,14,4.59303679647259004e-07,-7.28192725498407047e-07
27,15,6.18255109023758002e-08,4.10279068416289005e-07
27,16,1.51402432944065998e-07,3.91065495214101008e-07
27,17,1.88106644446737998e-07,6.80929783238445972e-07
27,18,2.05524724408485994e-07,-6.78794010358550046e-07
27,19,6.83918992912579026e-08,-1.92314212174917001e-07
27,20,3.94183872734687014e-07,-5.21871768450281029e-07
27,21,4.41961769346838002e-07,-4.58749981730243024e-07
27,22,7.90579151538679040e-07,8.75632458746833961e-07
27,23,-6.48749438124770953e-08,-6.41844634291149004e-07
27,24,7.64592818109815966e-07,-1.64208038656579008e-07
27,25,-3.73743756680267013e-07,5.77784128792642019e-07
27,26,-4.48883256641965992e-07,-7.20606236967749009e-07
27,27,-4.22940612414615002e-07,-2.77077423394105014e-07
28,0,8.38863377401296950e-07,0.00000000000000000e+00
28,1,3.28684884257928981e-08,7.93917197053116008e-07
28,2,-3.37992339929785987e-08,7.10474217136231994e-07
28,3,-3.09369630574071979e-07,-8.39720012796820035e-08
28,4,-9.16863718538607029e-07,6.43686339004370951e-08
28,5,1.48055134178186001e-07,4.89508344609135004e-08
28,6,4.68085763538633003e-07,3.44567133041626028e-08
28,7,-3.76446812567231007e-07,2.63031972614221018e-07
28,8,-1.41118954022408998e-07,3.03307846267073024e-08
28,9,-4.29717979308692992e-07,-9.15872690771385042e-08
28,10,-3.48160196602880979e-07,-9.02190850202152003e-07
28,11,1.86936893489931993e-07,-4.18252202498121015e-08
28,12,1.14423695766601000e-07,-5.15849439780175995e-08
28,13,3.91766277839446988e-07,-3.46115197662417007e-07
28,14,3.61827920869603017e-07,-2.94697247814809992e-07
28,15,-4.41416343952224977e-07,3.42953327207860015e-07
28,16,-2.38724713049360004e-07,-8.44962241340709044e-07
28,17,-7.97433396261749034e-08,-1.88799944737080003e-07
28,18,-8.59792105563403049e-08,6.46139545033436974e-07
28,19,-1.62944284184959998e-07,-3.74867114803689022e-08
28,20,2.79971547751445000e-07,-5.68381377209512041e-07
28,21,-2.57602715894426008e-07,7.20276845026648006e-08
28,22,-6.20453994723049992e-07,-9.25305286926239943e-08
28,23,-4.75544155040255029e-09,2.45008252348250986e-07
28,24,4.06522684365390014e-07,7.52930155512666042e-09
28,25,4.81354025730691961e-07,-5.16916037984116041e-07
28,26,1.33399807864423994e-07,9.08701766379315043e-07
28,27,-1.59638371855554005e-07,6.72072179046701981e-07
28,28,1.33835211201730007e-07,-4.42256807909477003e-09
29,0,-6.02392973965981011e-07,0.00000000000000000e+00
29,1,-1.59591234706704990e-07,-4.38354951477273014e-07
29,2,-2.03270559782202987e-07,-7.00460097606889043e-07
29,3,-1.96691610678591009e-07,2.65938747118000020e-07
29,4,-3.02630667849234004e-07,1.47354419525695006e-07
29,5,2.19622821124689993e-07,1.69015228044039011e-08
29,6,-1.27720210696049988e-07,-1.88111930036670010e-07
29,7,-1.07612283365982997e-07,-3.85289936768489022e-07
29,8,4.44117433487604986e-07,-2.26641683262122009e-07
29,9,6.01703441824971057e-08,-6.36033789549605049e-07
29,10,6.20997621271432040e-07,3.44701757682187025e-07
29,11,-7.84584771553488965e-08,4.35453025243215995e-07
29,12,-6.43739026417378959e-07,-4.91869513647459018e-07
29,13,3.62296073202327005e-07,3.84300016253416983e-07
29,14,1.88221879034187011e-08,8.07707731482999997e-07
29,15,-1.99428807061952989e-07,6.88493708020983941e-08
29,16,2.67623553054364991e-07,-8.70079319510434003e-08
29,17,-4.04448766095227013e-07,-3.07261212180664996e-07
29,18,-1.31492378970002006e-07,-5.15311687514390991e-09
29,19,1.09087035937446006e-08,-7.60998152929401943e-08
29,20,-6.74776401492942999e-09,3.85000254641373018e-07
29,21,6.29561607588497991e-08,2.93343554573125024e-07
29,22,-2.44064783431270017e-07,-4.74895168912375020e-07
29,23,1.57647688903617994e-07,3.29912484605191996e-07
29,24,1.55739023441404003e-08,3.71971143512305980e-08
29,25,-1.39315025107944991e-07,2.24927234046967992e-07
29,26,2.64324068953539995e-07,-3.94682754164273009e-07
29,27,2.06102540425364013e-07,1.91210193967143002e-07
29,28,-1.15164193294008005e-07,2.49325533999375018e-07
29,29,1.84293548299436997e-07,-1.46030226855527011e-07
30,0,1.01324891277550996e-07,0.00000000000000000e+00
30,1,-2.94480652143372989e-07,-4.29141393138450027e-09
30,2,-2.16440364257967002e-07,-2.32281470554319005e-07
30,3,-3.61670946306828023e-07,3.51429741515171981e-07
30,4,-6.22617305910775952e-08,-2.22278886684702006e-07
30,5,1.85794790515301000e-07,-3.12639973052362022e-07
30,6,2.40014277553970996e-08,3.47786752880956024e-07
30,7,-3.44823395612177995e-07,-3.07996312227562992e-07
30,8,-3.85366793601554993e-07,-3.35904149926126977e-07
30,9,-2.67613300042965010e-07,5.05175996176308990e-08
30,10,-1.14778233970130997e-07,-1.00872047322240003e-07
30,11,7.08690514911663024e-09,-2.34820294476745998e-07
30,12,-2.73804288285363991e-07,2.38643742979913987e-07
30,13,1.11433970279215994e-07,3.91447020036135025e-07
30,14,4.99723531186507948e-07,-2.05710660659994989e-07
30,15,-3.40815733698362026e-07,1.65947945344223003e-07
30,16,2.35595429298807000e-07,-2.69351100888602975e-07
30,17,3.27689639245971015e-07,3.50331150563786007e-07
30,18,2.96187135656673983e-07,3.20520569196716996e-08
30,19,-1.61717064675280988e-07,5.72947254977351014e-08
30,20,-1.54460946473486003e-07,-2.55639397688966992e-08
30,21,-2.53638803407428022e-07,-1.95174199594449991e-08
30,22,-1.39764009955801003e-08,3.92914532147348016e-07
30,23,-4.38236629614116978e-07,1.43894763613462996e-07
30,24,1.34622311266125989e-07,4.52964360164445002e-08
30,25,1.57800118878432010e-07,2.46115060063721981e-07
30,26,5.51221701166777000e-08,-3.70545728313669013e-07
30,27,-1.22144802503348994e-07,3.39072060823565992e-07
30,28,-1.37882172183443995e-07,-6.16994016519542036e-07
30,29,1.69275230295458988e-07,-1.40449567249240988e-07
30,30,-3.24222324451334982e-07,9.58290026124132071e-07
31,0,5.42939561850165023e-07,0.00000000000000000e+00
31,1,8.30487140236365962e-09,-4.19492368218333985e-07
31,2,2.46659146049523004e-08,1.26096876221007990e-07
31,3,-6.04373518661312008e-08,-5.41317587960959052e-07
31,4,4.31775772233911994e-07,2.03540466781065999e-07
31,5,-3.99456997984262996e-07,-1.78193921201105995e-07
31,6,2.07209872562284002e-07,1.04245036829482997e-07
31,7,3.60324813559000004e-07,-2.18826122468305004e-07
31,8,4.91413665406832027e-07,-2.65228744269187014e-07
31,9,-4.11852290615521023e-07,-1.28164396241395988e-07
31,10,7.91317639816563987e-07,-2.38141345111906997e-07
31,11,1.32433994937092995e-07,5.00089669641175979e-07
31,12,-1.46012489515513990e-07,2.97732280391222991e-07
31,13,3.45360991107036018e-07,3.60853311406320009e-07
31,14,5.02186148091993974e-08,1.90484265178809001e-08
31,15,-4.04208795701927006e-07,-1.36426692348358005e-08
31,16,-7.25981140908960031e-09,-3.00002885081794024e-07
31,17,-1.49750850688837011e-07,-1.61438261161013995e-08
31,18,2.82464205382599022e-07,-3.65395703861408003e-07
31,19,-6.02246956273231973e-09,-5.14428878715181020e-08
31,20,-3.63189946280327977e-08,-1.57271410461889009e-07
31,21,-2.80222931241108982e-07,-9.61131730233625987e-08
31,22,2.98769180395074018e-07,-1.62087790995183001e-08
31,23,1.08656904765552002e-06,6.20838658388307956e-07
31,24,1.51580670574449996e-07,-1.03255280688577995e-07
31,25,-6.11065381636814039e-07,-1.39242513293703994e-07
31,26,-3.25937086871133983e-07,-4.23427159382284013e-07
31,27,5.47069558591368995e-08,2.45450134629115008e-07
31,28,5.20488087121193030e-08,-2.88702017586504984e-07
31,29,4.40371233915128988e-07,2.54070608693415985e-07
31,30,1.15368773497657995e-08,1.56083474958077995e-07
31,31,1.96511825839155998e-07,-1.92816853977535996e-07
32,0,-3.22278624705054009e-07,0.00000000000000000e+00
32,1,-2.84130995168748021e-07,2.12648056594728994e-07
32,2,-6.31460310273306011e-07,7.12674429818112027e-08
32,3,9.95635211960049992e-08,-2.51425866139731010e-07
32,4,1.71612389278685013e-08,-1.09246862517312006e-07
32,5,-1.74853945849748003e-07,-5.15832402346124991e-07
32,6,2.08083251141019003e-07,-2.75748101333147016e-07
32,7,-1.79577748766181992e-07,-5.34737768850272040e-07
32,8,3.64500225917902021e-08,6.71988393042998057e-08
32,9,-1.14995674108802006e-07,4.22409389131507995e-07
32,10,1.45268560099243006e-07,1.98816722258813005e-07
32,11,-1.22435171858839007e-07,-1.33458104685552002e-07
32,12,3.24305980824708017e-07,4.23273523842621003e-08
32,13,-9.94659679746917955e-08,-1.91095576045218010e-07
32,14,1.84995436672824994e-07,-2.99480862661863004e-07
32,15,-3.71093338365392975e-07,2.81383975995323021e-07
32,16,-9.76703241653253046e-08,3.60347156981324993e-08
32,17,-4.10950967786792994e-07,-1.50561795570946998e-07
32,18,3.95892838475905996e-07,8.56829007447461038e-08
32,19,1.55839343643521996e-08,2.62307702672147007e-07
32,20,3.64348918845856997e-07,-4.29512909544846006e-07
32,21,3.49020386961327982e-07,1.61075419520315997e-07
32,22,-4.52396301483378016e-07,7.17560827324975000e-08
32,23,1.74729416349129990e-07,-1.52077455347255002e-07
32,24,-1.15473273661823001e-07,1.10837432001811996e-07
32,25,-1.12776116388134995e-07,2.46752809969319975e-07
32,26,5.65097912210986001e-07,6.01761722247062977e-08
32,27,1.18065776967790995e-07,4.04241384762182020e-07
32,28,4.26983491378359017e-07,-1.73276131700072990e-07
32,29,1.76104028462743994e-07,4.94702796107234034e-07
32,30,-3.15468733293012005e-07,-4.12292634692659995e-07
32,31,3.43055784788096986e-07,-2.65628059538892979e-07
32,32,1.62523420152422990e-07,-5.42316413400273016e-08
33,0,1.08067758537919994e-07,0.00000000000000000e+00
33,1,1.83999407303550006e-07,-5.46074059315940006e-08
33,2,6.71626749484367955e-07,-3.32745543989983988e-07
33,3,1.01809708722869997e-07,5.82379455147986012e-07
33,4,1.45228398456670001e-07,1.53363982613245008e-07
33,5,2.67794952586869009e-07,1.13494362887793999e-07
33,6,-2.19569410771558001e-07,-1.25277069761319013e-07
33,7,6.03333774947892041e-07,9.71969463817216936e-08
33,8,2.43313576548960016e-07,3.51562619727252990e-07
33,9,3.60942472775538994e-07,2.68872810809122003e-07
33,10,-2.58728730450137012e-07,1.34914064109501991e-07
33,11,1.04244218633282000e-07,1.85102789495926000e-07
33,12,2.83659150012576984e-07,-1.02076165025037000e-08
33,13,-3.83746681424330005e-07,-2.88150578245884005e-07
33,14,-2.70653507378906975e-07,1.48428294151291988e-07
33,15,-1.81617946965728992e-07,6.78188931356515956e-07
33,16,3.84100369005405996e-07,3.05929974107924014e-07
33,17,2.76017214376616006e-07,-3.91560258583918974e-07
33,18,-3.63941605949932972e-08,-3.28400951874388999e-07
33,19,2.81403985497919975e-07,2.56947325607571987e-07
33,20,5.20454703626150014e-08,-1.35568418515325999e-07
33,21,-6.16368824723108985e-07,-2.23711440629843990e-09
33,22,-3.46021009093741022e-08,-2.63117018257764009e-07
33,23,1.10621719092418001e-07,1.07003039483611997e-07
33,24,-2.62220089490022993e-07,2.25267110720512989e-07
33,25,3.25415738068691999e-07,3.52101180383821997e-07
33,26,3.13311939346392996e-07,3.51469315372557026e-07
33,27,6.26571556243281029e-08,-9.35161108750132021e-08
33,28,-5.36754759158913959e-07,-3.95551853684218991e-07
33,29,-1.46268842080791995e-07,-1.43570026132406995e-07
33,30,-1.50907680059333011e-07,3.39585646965287026e-07
33,31,-2.60602912084528984e-07,2.87877483212541990e-07
33,32,-5.04898777353891039e-07,3.82226310506233010e-07
33,33,1.77902990244987986e-08,6.85628085164875037e-07
34,0,1.66223060006941996e-08,0.00000000000000000e+00
34,1,2.82107852038614981e-07,-2.39664477326507012e-07
34,2,2.20461173087741996e-07,-2.46467515881496013e-08
34,3,-3.54345970507234020e-07,-1.09305298925132000e-07
34,4,1.93851585922014009e-07,-1.90179990291271009e-07
34,5,2.08110954979525995e-07,1.19606832794002007e-07
34,6,2.59152663626370025e-07,1.61208240090780009e-07
34,7,2.01487868472235011e-07,3.15993849146275018e-07
34,8,-3.94969071796096000e-07,2.00187830880748999e-07
34,9,2.29513344147653012e-07,-2.04693622146186000e-07
34,10,4.51298630869346976e-08,-5.76441193100814952e-07
34,11,1.50742176785055987e-07,-3.59124561154398996e-07
34,12,7.44154274186852976e-08,4.15458073965718026e-07
34,13,-4.21567208085943026e-08,1.87958081868843011e-07
34,14,-8.44028360808514046e-08,-1.21100182801303006e-07
34,15,-8.22917798498263021e-08,2.66019010821486008e-08
34,16,2.90873333475141997e-07,-3.75864845746924007e-07
34,17,8.24759974268531937e-08,-1.91549340635304998e-07
34,18,-2.30396232275045007e-07,1.47121026406678993e-07
34,19,-3.68309204126197975e-07,2.10787587404685004e-07
34,20,-2.44069854653786974e-07,-1.47526934817325007e-07
34,21,5.24925699221966034e-07,-1.31107724646741991e-07
34,22,6.27592343484317027e-07,4.37727962787761971e-08
34,23,-4.04129578639318986e-07,-1.37312034800100992e-07
34,24,-8.04609440128483949e-08,-1.63208440358235005e-07
34,25,8.33576622645495942e-08,3.31187301843761011e-07
34,26,-3.16701496457594989e-07,3.50118968887485020e-08
34,27,-1.32296803652991999e-08,-1.54120253142507997e-07
34,28,-1.80401503320750995e-07,3.47722766107202999e-07
34,29,1.94890697135081989e-07,-6.09461381118999936e-08
34,30,-1.18874390528771006e-07,-2.41841870665802019e-09
34,31,3.07182387280412009e-07,5.66645702819302976e-08
34,32,-4.04123488020888000e-08,6.82431176947476054e-08
34,33,-2.03364841192163004e-07,4.17618773995279012e-07
34,34,9.46330062400066033e-09,-4.37752540239893986e-07
35,0,1.29421507518902009e-07,0.00000000000000000e+00
35,1,3.08652915168205008e-07,4.72245847482184020e-07
35,2,-3.38023375896548977e-07,2.13574299516123012e-07
35,3,5.05243360369538017e-08,4.76211041974932982e-07
35,4,2.95324995438215024e-07,-5.83562361154883952e-07
35,5,1.01980207225727994e-07,2.02301233440743990e-07
35,6,-1.35113711658231989e-07,-4.58715427373511981e-10
35,7,-6.49807614036247978e-09,-4.50693771014588993e-08
35,8,6.94490983397443992e-08,4.52547607625850000e-07
35,9,4.41914556384355997e-07,4.31159570009100012e-08
35,10,-4.05701913634750017e-07,-1.77582314961143991e-07
35,11,-3.81927463003298017e-07,1.56553429226760997e-07
35,12,1.76579481912128998e-07,5.63149976940772008e-08
35,13,-3.94535240933101000e-07,-1.50198592909349991e-07
35,14,2.86641844939006005e-07,-2.19725337179464995e-07
35,15,9.20023328684279065e-08,-2.93113634641036026e-07
35,16,2.25770463917053007e-07,4.10497657248931999e-08
35,17,2.85055773751277996e-07,-2.56670732168524977e-07
35,18,-2.72034623488801984e-07,2.67426452080449019e-07
35,19,-4.39925050164071009e-08,1.31607499192462011e-07
35,20,-8.59689410533245007e-08,1.61461880824457992e-07
35,21,5.08711577034651016e-07,1.03411076820484999e-07
35,22,-1.87124591557834010e-07,-5.42830601409555948e-07
35,23,-8.65869056621561936e-08,-3.80038567035670989e-07
35,24,-7.47079860179940058e-09,-1.65497239475374990e-07
35,25,1.21994151385079993e-08,7.22973567065195051e-10
35,26,-2.17842559510169998e-07,-5.67303856528338034e-07
35,27,1.12746239495311995e-07,-6.82059774494810954e-08
35,28,1.77719003265315007e-07,2.00977758261160994e-07
35,29,5.29529744382303002e-07,-8.61789795604564062e-08
35,30,1.13008950681149995e-07,4.74978407417120025e-07
35,31,3.09783503492085022e-07,3.15667299027511011e-07
35,32,-4.08732380649294997e-07,2.15155946084340990e-07
35,33,3.07338158203582979e-07,-1.82575427494191995e-07
35,34,3.40335252763274012e-07,-1.47845734751789996e-07
35,35,-6.20415231594920001e-08,2.34678837397997989e-07
36,0,1.67367817080417008e-07,0.00000000000000000e+00
36,1,-2.87500401286219023e-07,4.89187341814491997e-07
36,2,2.36700957077337998e-07,-1.25028538197150008e-07
36,3,6.77501417244236051e-07,-3.72118738372452987e-07
36,4,-7.53008594041968947e-08,-1.30810804394048008e-07
36,5,-9.19305244637920978e-09,7.94833183757562031e-08
36,6,-3.02333244284062977e-07,1.74853068865484997e-07
36,7,-5.14096292037634031e-08,1.44216224560556999e-07
36,8,-1.09867251308933999e-09,2.91412246174978989e-07
36,9,-1.78296187764845989e-07,-2.60979890141748022e-07
36,10,2.93844751820769015e-08,1.11791236117909998e-07
36,11,1.52033816551248001e-07,5.33852570720343987e-08
36,12,-2.11774999775384996e-07,1.61760756438124010e-07
36,13,-4.27593121778160988e-07,-7.61312591169164028e-08
36,14,7.66545178705285977e-08,-2.26290529674055012e-07
36,15,8.66519837782841056e-08,-1.29379947469188997e-07
36,16,-1.61318640422717994e-07,5.45758675462379029e-07
36,17,-4.96655895281016984e-07,-8.87827534685118951e-08
36,18,-3.71519876153088997e-08,1.49482217610234995e-07
36,19,2.86118833271987016e-07,3.61295008304812995e-07
36,20,-3.13511941661799024e-07,-1.74252054974990987e-07
36,21,4.52950162967124003e-07,-8.83596465379022031e-08
36,22,-8.90907892935327984e-08,1.77195891575694991e-07
36,23,-3.18267929830996981e-07,3.55656476082924974e-07
36,24,4.07746818767347006e-08,9.76859351254254040e-08
36,25,-2.64702122484111996e-07,3.41395765283197012e-07
36,26,8.48289314200331955e-08,5.01010938495899011e-08
36,27,2.93112522679152022e-07,5.41138946262497974e-07
36,28,6.80737532650096054e-08,3.11614052784456010e-07
36,29,-1.40288690128160989e-07,1.49434290594971010e-07
36,30,-1.59179394533417991e-07,1.58476255822897002e-07
36,31,-2.11922807236685013e-07,-3.52384460702102978e-07
36,32,-4.62876356815208003e-08,-2.54698328462905988e-07
36,33,4.74794951089562026e-07,-3.68143884257072984e-07
36,34,-7.74063181829438970e-08,1.86992775271851006e-07
36,35,3.16248443437801002e-07,4.57152744706500006e-07
36,36,2.17639602093790993e-08,2.22391843372574996e-07
37,0,2.24065867507584001e-07,0.00000000000000000e+00
37,1,2.41739458418477003e-08,1.05399442385143001e-07
37,2,-2.49124577410988992e-07,-3.77975114077915978e-07
37,3,-2.50762973798631991e-07,3.08902619268866989e-07
37,4,-3.48059997969665011e-08,5.10990082878804020e-08
37,5,2.73536677819772002e-07,4.58534686507201974e-07
37,6,4.35595660856537004e-08,-1.60909629216358003e-07
37,7,4.41769774030875984e-07,-9.96920346670186941e-08
37,8,-8.50804051544592951e-08,-2.51738586556631998e-07
37,9,-2.03021250236476996e-07,-3.34704833449187986e-07
37,10,8.21625413243614050e-07,-8.99481680891616987e-08
37,11,4.09112373561357977e-08,-1.32659373309056012e-07
37,12,-1.24427203142479996e-07,-1.88106818894051991e-07
37,13,3.68286468099176027e-08,1.98415069091985004e-07
37,14,1.92136684622454007e-07,-4.07662358338095017e-07
37,15,9.01735339870806972e-08,1.63308906298683987e-07
37,16,-1.09101775721731996e-07,3.39598718395808019e-07
37,17,9.34726714906529042e-08,-5.71469396073261998e-07
37,18,1.68996260376663988e-07,4.16678157653581985e-07
37,19,-1.97497275785171990e-07,-2.74558974502993021e-07
37,20,-2.31810203051144013e-07,-1.14482858782672996e-08
37,21,-2.04103194688319990e-07,-4.25901239198979994e-08
37,22,1.61768040854232995e-08,-5.24312148316781982e-07
37,23,2.98279623341587004e-07,4.71164280153583014e-07
37,24,-1.71458459814316005e-07,1.12574764378715999e-08
37,25,-1.23644448273093007e-07,6.04124166639007965e-08
37,26,7.37587616311624040e-08,-1.60952222391668997e-07
37,27,-2.26684292257922003e-07,-3.62515167481342021e-07
37,28,-1.78881646203406002e-07,-4.79569640356038987e-07
37,29,-1.11540131507113004e-07,6.81510948876064039e-08
37,30,-1.22341668746448008e-07,-1.52328741565003005e-07
37,31,-4.05047726175908971e-08,1.95426634790126987e-07
37,32,2.21058842091128996e-07,4.12487448451963986e-07
37,33,1.21188673787335990e-07,2.27673030118694998e-07
37,34,-7.49528670080230996e-08,2.91891896878336000e-07
37,35,3.89106650365210000e-07,1.94431024973366995e-07
37,36,-4.64526841779717988e-07,-1.88329005582066996e-07
37,37,1.99555460761895988e-07,-1.14005566282218999e-07
38,0,4.57763020641335986e-08,0.00000000000000000e+00
38,1,3.68803268153059002e-08,1.35125125421307006e-07
38,2,1.32728112055425007e-08,1.95658820820102991e-08
38,3,-9.28109006918014055e-08,3.09985395709592014e-07
38,4,-5.43686947554627998e-08,2.32345704461716991e-07
38,5,1.91753489409843996e-07,-1.00067920606858007e-07
38,6,4.86023590836791981e-08,2.47280457601433989e-07
38,7,-4.46395251221974995e-07,-4.85725255952157017e-08
38,8,-5.54257298775382040e-07,-4.57771463842235024e-08
38,9,1.65287908365456999e-07,-9.08304503254830951e-08
38,10,1.81600977921070994e-07,4.01036732542852974e-08
38,11,-1.32274821395441988e-07,-5.34508344846871020e-08
38,12,-9.61229975155284010e-08,2.14190529830211006e-07
38,13,-8.25325313189280031e-08,-3.28303713620461974e-07
38,14,8.83324070664756028e-09,1.44882516270439997e-08
38,15,-2.93918024765957991e-08,6.51146263499724981e-07
38,16,3.72583820891164997e-08,-6.67094719121034939e-08
38,17,-4.98448038815696973e-08,-3.02835435020356996e-07
38,18,2.74388491426943982e-07,-6.85033776308291035e-08
38,19,4.66446996974848002e-07,1.51437971393164990e-07
38,20,-2.77305007373125987e-07,1.54513093025114999e-07
38,21,8.21306294720617055e-08,-2.71159733792198984e-07
38,22,-1.17048621261281004e-07,2.62047163363424012e-07
38,23,2.06131097707862995e-08,3.16251878089566984e-07
38,24,7.25994228304451000e-08,-3.69954820690299998e-07
38,25,-5.32554027498109011e-09,2.29556953047513993e-08
38,26,-5.65333644732434992e-08,-3.53460439895813013e-08
38,27,1.06238364334371998e-07,-5.96995940223770039e-08
38,28,2.98602183906238980e-07,1.91813480813133993e-07
38,29,4.53107839002908997e-08,6.91173426516092967e-08
38,30,-4.72345463378202988e-07,-8.61434280710967063e-09
38,31,-6.65509524719140000e-08,2.90598283090286023e-07
38,32,1.06005874714564005e-07,7.75991701972759985e-08
38,33,-1.80020538860346994e-07,-8.49472149444570969e-08
38,34,-1.29182843018267998e-07,-3.02672817961737988e-07
38,35,-5.06242405468352007e-08,-1.89090206659356003e-07
38,36,-3.82673466987501977e-07,2.23843647905437000e-07
38,37,-1.66450203355682992e-08,3.15398375615784972e-08
38,38,-3.20328383656410003e-07,-3.03367908154514974e-08
39,0,-3.34287817684008996e-07,0.00000000000000000e+00
39,1,-1.68655745801376998e-07,-1.53296927560728002e-07
39,2,-1.56771019712602000e-07,-4.83758371507576969e-08
39,3,2.37181907665938011e-07,-3.03559040428705012e-08
39,4,2.28491710829388985e-08,-8.43570406522596981e-08
39,5,-5.89089505021486024e-09,-2.26401159451712994e-07
39,6,1.71137131278125999e-07,-2.24880037217772000e-07
39,7,-6.93739925168357019e-08,1.19360667377533003e-07
39,8,1.84442855776701005e-07,-3.14761765798614973e-08
39,9,-2.36581753257802985e-08,-1.39059828654747006e-07
39,10,-2.47140710965641022e-07,4.50625742850641021e-08
39,11,-2.70727982710028996e-08,2.04350109165237995e-07
39,12,-1.16777117625204006e-07,1.62787465686635989e-07
39,13,1.33846335028523004e-07,1.60971737618750996e-07
39,14,2.99405706789651011e-07,2.44692783302184020e-07
39,15,-7.79942284852792938e-08,-4.25670287713582015e-07
39,16,2.30425826256903007e-07,-4.60075904696397024e-07
39,17,-2.43972837849925990e-07,-1.93257982824451006e-07
39,18,8.99188790687414060e-08,2.49410567939478017e-07
39,19,5.20395467243011975e-08,-2.36990255329891995e-07
39,20,-4.82065588162762051e-07,-7.93609038340065042e-08
39,21,2.37013034637789998e-07,3.34360366636164997e-08
39,22,1.53201032620968992e-08,2.82481341006450017e-07
39,23,3.97412266938407021e-07,5.46652267993950994e-10
39,24,-3.11458167657653988e-07,-3.00253991673296991e-07
39,25,-1.64263493039196008e-07,2.15781740697013992e-07
39,26,8.29135206365906056e-08,-2.18957097868932006e-07
39,27,1.44187734953956995e-07,-8.47439475293602026e-08
39,28,-2.40818442739023013e-08,3.63573531203600002e-07
39,29,-4.98997343581463996e-08,-6.58503284376913014e-09
39,30,1.04732595097131997e-07,-2.93502601520531008e-07
39,31,2.86723434973521997e-07,1.92029066050278003e-07
39,32,3.93069712850060004e-07,-3.13342016420374016e-09
39,33,-2.74346223493612025e-07,-4.26257778150255002e-09
39,34,9.44422660048548934e-08,-1.81325864469662989e-07
39,35,1.68310468041268008e-07,5.33987765240672949e-07
39,36,-3.76204547556094994e-07,4.77548874454324044e-07
39,37,2.46109714515120009e-07,-2.76977130492220005e-07
39,38,-2.77713365965987019e-07,1.38522617234076009e-07
39,39,2.16524034162860988e-07,-1.02830835928101994e-07
40,0,3.06098662499734032e-08,0.00000000000000000e+00
40,1,5.29853732641110008e-07,1.07705710607649001e-07
40,2,-8.66413092066865052e-08,2.31500107095797010e-07
40,3,2.47393064103973021e-07,2.16591238334926012e-07
40,4,-2.75413255159468992e-07,-7.99836511768651989e-09
40,5,-1.04516733961497995e-07,-1.91037485381975997e-07
40,6,-1.20872818109410003e-07,2.06616853978513001e-07
40,7,-2.99159852420813994e-07,-5.47504949904312007e-08
40,8,1.15824540006346003e-07,4.60068129266086016e-09
40,9,-6.10377979252301937e-08,-1.65551728171237999e-07
40,10,1.66047159555034014e-08,2.36757791310677991e-08
40,11,1.93789971708289001e-08,-1.91917442580503998e-07
40,12,1.16990014528745006e-07,-6.13824263636447936e-08
40,13,4.87266266386343972e-08,1.10129744790240995e-07
40,14,-1.19107297334033992e-08,1.44222636917777996e-07
40,15,-1.37418210583764004e-07,-4.23654789886585011e-07
40,16,-1.43227011207385009e-07,-2.13022054626108991e-07
40,17,4.48582670471655005e-08,1.88743260103606001e-07
40,18,-1.66938263857549004e-07,2.29160051907375993e-07
40,19,6.31401890952336007e-08,2.49818494345939994e-07
40,20,-3.48089994197065001e-08,-1.88886929877014998e-07
40,21,3.90975750514866025e-07,-4.05102786174042006e-08
40,22,-1.23497094877858998e-07,-8.90601386513576053e-08
40,23,1.39501201492845006e-08,-6.61123122832607979e-08
40,24,1.66388983046866002e-07,5.31345686647755977e-08
40,25,2.78747124462673987e-07,6.97275231800514949e-08
40,26,-2.85804781626956010e-07,-3.67048484385239995e-08
40,27,-6.90944075516229051e-08,-7.59743362973340057e-08
40,28,-1.97564384354654996e-07,2.54880075926414993e-07
40,29,-1.93341955094316994e-07,-4.59636852312220971e-08
40,30,-6.68092818170761049e-08,-1.68802996611059989e-07
40,31,-2.68101141946612981e-07,-1.12336971849538004e-07
40,32,-3.69342038399776977e-07,-2.16773811331714999e-07
40,33,-5.70931191353894994e-07,-2.68525485243800980e-07
40,34,2.14553881664503007e-07,9.89934529656768954e-08
40,35,-2.13981186058269992e-07,1.66343510200606009e-07
40,36,-9.73274236978498065e-08,-1.41186291235874007e-07
40,37,-1.61763374438594002e-07,8.76207875126319059e-08
40,38,8.32326621057261029e-08,1.60836100650396992e-07
40,39,1.06027540967071003e-07,2.57103594620644976e-07
40,40,-7.70937325187963934e-09,1.03441323697113995e-08
41,0,2.82081774134221024e-07,0.00000000000000000e+00
41,1,-8.05189472228592000e-08,3.11408732937859033e-08
41,2,1.11835715688224005e-07,-1.92164494496089004e-07
41,3,-2.98544441261030978e-07,-1.38007707914491998e-07
41,4,6.59222774689607030e-08,-1.91780919638815003e-07
41,5,3.64513799574518986e-07,-9.67121657863913066e-08
41,6,-5.08505225994039004e-08,6.80516389176213014e-08
41,7,1.38624886833139009e-07,2.25510385877996004e-07
41,8,-1.68942876911358012e-07,-1.54819196872660010e-07
41,9,-9.20121137839143052e-08,-6.73032405853481013e-08
41,10,6.02962500051160059e-08,2.49819494373035018e-07
41,11,2.55347158291402979e-07,2.18372697817635007e-07
41,12,-1.54663918816305009e-07,-3.22549313386385020e-07
41,13,1.45261036857992996e-08,2.62355288927721003e-08
41,14,-2.80171074390363000e-07,2.13281242187724994e-07
41,15,-1.75830578781623990e-07,1.49728596225286988e-07
41,16,4.87811085450670011e-07,1.89592960646417994e-07
41,17,-1.13384323290841996e-07,2.61932415627590999e-07
41,18,-8.96688412031535031e-09,2.54652992773374990e-09
41,19,-1.08176198763922001e-07,-3.16380637166559989e-07
41,20,-2.81298634130949016e-08,-6.55530099924163962e-08
41,21,-8.81355047969343001e-08,5.01431705677399024e-08
41,22,7.97551033379207948e-08,-1.99556273522803004e-07
41,23,5.15638459145988973e-08,1.12542415182057000e-07
41,24,-1.07841996763850996e-07,-3.17961050061793008e-09
41,25,-1.94528521870254002e-07,-1.41410539222853009e-07
41,26,4.62369953442239004e-08,-4.20442574555320972e-08
41,27,3.93345850513689000e-07,-2.76213942144192022e-07
41,28,2.92886401021908975e-07,1.33457065560544010e-07
41,29,1.31649778508993010e-07,-4.47051932367056000e-07
41,30,-1.35321813890377008e-07,-5.50761140252586015e-08
41,31,1.13478402362130005e-07,-6.14288361966457010e-08
41,32,2.52973065723794996e-08,-1.35198768132906005e-07
41,33,-3.23324743762501030e-08,-2.55965136580949008e-08
41,34,2.46828188781971009e-07,1.91898351631441004e-07
41,35,-6.18066000609642008e-08,8.41259675567300941e-08
41,36,1.62125005162166995e-07,7.87713668038799987e-09
41,37,9.69127278761863039e-08,-8.59658962500719030e-08
41,38,-8.12153861205081056e-08,-1.21030786089343988e-07
41,39,2.24092960473139006e-07,-7.27036363460684034e-08
41,40,-9.58408425982948934e-09,-1.88603345102975005e-07
41,41,2.81245890176547012e-08,3.16461555556615994e-07
42,0,1.55830121286651013e-07,0.00000000000000000e+00
42,1,-2.10266347147071998e-07,-1.32063349088339003e-07
42,2,-2.78382542329415022e-07,-3.11795060999850978e-07
42,3,1.98592042940951010e-07,-2.16526372027849003e-07
42,4,3.79672432750738981e-09,1.86607355833205997e-07
42,5,-2.90127216437458984e-07,5.07397713360882006e-08
42,6,-1.37088575530909013e-07,1.15180438262751000e-07
42,7,1.30273728008778003e-08,6.11679204998929016e-08
42,8,-3.12955193181404994e-08,-5.01040215296257996e-08
42,9,6.47027237391600008e-08,-2.76099308140754987e-08
42,10,3.90829021767301003e-07,3.53038235954701998e-08
42,11,-7.58565737405910037e-08,-3.99818444553273024e-08
42,12,1.03876650398744001e-07,-4.80843124441202018e-08
42,13,-9.84684931921147953e-08,-2.13388933976946997e-07
42,14,-7.94470850720336015e-08,1.46059471602303012e-07
42,15,9.45124613255624048e-08,-2.04377989153117000e-07
42,16,-5.71007885088548990e-08,-3.21071748247459978e-07
42,17,1.72956822349565012e-07,-1.84180506728464992e-07
42,18,6.85291641079710950e-08,-1.42131930783999987e-07
42,19,1.11183553216904006e-07,5.40042782321774030e-08
42,20,-3.52937022304545991e-08,2.14414485081576991e-07
42,21,8.42629908557272987e-08,1.10337047892743003e-07
42,22,-3.04356738361380975e-07,-9.47245452466267055e-08
42,23,9.49342673276272062e-08,3.01218205543785987e-07
42,24,1.98751466700473993e-08,-1.86533232389032003e-07
42,25,1.51522404716140001e-07,1.17208509717660000e-07
42,26,1.02730053103066004e-07,-2.07192461787099005e-08
42,27,1.28492285339793006e-08,5.31710378926991027e-08
42,28,-4.66460711694992989e-08,-1.02484594630882001e-07
42,29,-1.46521278293518987e-07,-3.88537047279424991e-07
42,30,4.04945127987164041e-09,6.98470643894181935e-08
42,31,-1.62988197060281988e-07,4.80762025903965008e-07
42,32,-2.63147353995886974e-07,-2.79136290468421011e-07
42,33,4.80635285412725006e-09,-1.14653014633102996e-07
42,34,1.63757925173479993e-07,8.23547258125720937e-08
42,35,2.38617155268417017e-07,-2.23952518045260007e-07
42,36,4.15198795482356976e-08,-8.97288927088421963e-08
42,37,-1.74726347420430005e-07,3.79875921456849984e-07
42,38,-5.02278606863366026e-08,1.46089736648382997e-07
42,39,6.54793892179246980e-08,-4.06244733293200011e-07
42,40,7.77752926656024012e-08,2.53435416121576988e-07
42,41,9.00304102449509015e-08,-1.14687597217790999e-07
42,42,1.70461227512055990e-07,-1.78157004887525000e-07
43,0,-1.20966593408608991e-07,0.00000000000000000e+00
43,1,9.93750085623040966e-08,-2.39394393484098999e-07
43,2,1.87218801446149005e-07,-3.21479881447876012e-07
43,3,-7.66462368594696998e-08,1.43305413166966990e-07
43,4,1.35550743218999007e-07,-3.94239328166430009e-08
43,5,1.40455374002512011e-07,1.21129065751323991e-07
43,6,2.25944170542073991e-07,1.15389087542680007e-07
43,7,-1.01363622735912004e-07,-2.25978120403143001e-07
43,8,-2.02353890347021998e-07,-1.67241427716451988e-07
43,9,1.68599430490709994e-07,1.01405569295285006e-08
43,10,-2.11823956952332990e-07,3.03002621680763005e-07
43,11,-3.32027293962244003e-07,-2.78782517304437992e-08
43,12,-9.90519433192854009e-08,-3.75019337999170993e-08
43,13,5.35958867215911023e-08,-1.50808367989508009e-07
43,14,8.49455733823436030e-08,-1.36961398147458995e-08
43,15,2.25754686094257004e-07,-2.62154542811171015e-07
43,16,-2.14244329709019012e-07,-3.13998341527056970e-08
43,17,-5.54245055227994044e-07,3.24541592210541022e-07
43,18,-2.85853378163576998e-07,-2.11225256131512998e-07
43,19,3.87024506104639983e-07,1.16330349359663006e-07
43,20,6.98778720124747945e-08,-3.15821032154557020e-08
43,21,-2.30319393001408995e-07,-3.47216690865767005e-07
43,22,-2.68731314530155010e-07,-1.16152903311300000e-07
43,23,3.73680216768128001e-07,2.82499647731792988e-07
43,24,-1.11751846488623996e-07,-1.22903828906936002e-07
43,25,2.06689205617062001e-07,-1.70424819965143007e-07
43,26,-7.45795076417391949e-08,2.85926262243556978e-07
43,27,7.96665855115422002e-08,-2.82512994140655996e-08
43,28,-1.77241530778549998e-07,8.40185263478927970e-08
43,29,-1.75706324278159012e-07,3.76689823860772986e-08
43,30,-2.68733429093296017e-07,1.39182557954681005e-07
43,31,1.58950444681949005e-07,-1.33268028988757013e-07
43,32,1.79936746832031011e-08,1.19685978421119003e-07
43,33,1.06520568529564998e-07,1.88709265787875009e-07
43,34,1.95137998074399989e-07,1.66793961543767990e-07
43,35,-9.78662007130971944e-08,-3.49613136230356022e-07
43,36,-9.59747160303850037e-08,1.86737881494925989e-07
43,37,1.94385947106540993e-07,9.52682878381892999e-08
43,38,1.04319225672562006e-07,-1.45427166573727009e-07
43,39,2.67012413261604986e-07,1.19878816537767998e-08
43,40,-1.61269966760149995e-07,1.38010279825759009e-07
43,41,-2.42212183334155001e-07,1.35014356589555989e-07
43,42,7.16865147791527948e-08,2.02429166360903996e-07
43,43,2.13255269130841013e-09,-7.11725272244846053e-08
44,0,2.95575637130974982e-09,0.00000000000000000e+00
44,1,1.21516909855851013e-07,-1.17501883798718997e-07
44,2,-2.56884773051773000e-08,2.18528625318609008e-07
44,3,4.51672195551766992e-07,-5.09726462538191026e-08
44,4,-3.09201662702456000e-07,-1.70224398781153998e-07
44,5,8.66405290840002972e-08,-1.36209543246565001e-07
44,6,-2.01358209679330998e-07,-1.96738744922066008e-07
44,7,4.37375839394786992e-08,-1.44600202841765993e-07
44,8,5.39650902771731978e-08,1.42291730498632005e-07
44,9,-7.93294147820524059e-08,2.68640057379266993e-07
44,10,-2.10508824218728993e-07,-3.16934469473770017e-07
44,11,2.85690728317207016e-07,-4.12631649532675975e-08
44,12,-1.78833276610673008e-08,1.26970784491643006e-07
44,13,6.23899534620751006e-08,1.40759388288094012e-07
44,14,-1.82094874766877012e-07,1.39746472804003996e-07
44,15,6.44587725585829992e-08,1.34371091094131002e-07
44,16,-1.66515288967677006e-07,5.06285434598735955e-07
44,17,-1.59526347789560984e-08,-2.16057543904020012e-08
44,18,1.84990882726268006e-07,-4.84265160733487969e-08
44,19,-3.26929089643263985e-07,7.24096240942059031e-08
44,20,-2.39102149186068022e-07,-2.04140680173748988e-07
44,21,7.26731319803583985e-08,-3.27541291768602029e-08
44,22,1.04394671878379999e-08,1.56788050363018003e-07
44,23,1.05061228201428005e-07,4.36829317114554005e-08
44,24,1.00712465678506996e-07,-1.69072508657046008e-07
44,25,-1.75563373105744994e-07,5.91987900906984008e-08
44,26,-2.22000658283561995e-07,-1.10198570300497996e-07
44,27,-1.13374841270322995e-07,1.18453496669139996e-07
44,28,1.39861964690681002e-07,-5.09579094425535982e-08
44,29,4.96959844264937004e-08,-4.26537213853898991e-09
44,30,2.91490833958804003e-07,-2.67475246607135982e-07
44,31,9.71048090866955993e-08,-4.89230733010698019e-08
44,32,-3.31811414537831973e-08,2.48999119129826010e-07
44,33,-3.66486727188915009e-07,-2.56755599812522020e-07
44,34,-3.84681462146936999e-08,-1.72239162810437011e-07
44,35,-8.25967298639865016e-08,-5.41382519629483030e-08
44,36,3.11216626784398983e-07,1.93364397022156014e-08
44,37,2.35781049683148991e-07,-1.66164753552663994e-07
44,38,-1.93958097770601012e-07,-1.46489626212512004e-08
44,39,-9.53276122054161045e-08,4.88315943450490021e-08
44,40,-9.08159571605271963e-08,1.31838981793580990e-07
44,41,2.91233415669473978e-07,-1.30583989289318013e-07
44,42,-1.12792901495912004e-07,-1.82126948184395999e-07
44,43,-1.74683231828358009e-07,-3.26639608618017022e-07
44,44,2.91187684578156994e-08,-2.41637723169463986e-08
45,0,1.11598498024188003e-07,0.00000000000000000e+00
45,1,-9.97733130635258961e-08,2.52328919860234994e-07
45,2,1.78469132873536010e-07,1.47021493413560996e-07
45,3,-1.52527787358888994e-07,1.18221376763659002e-07
45,4,6.34013591949953010e-08,-4.59521107653394009e-08
45,5,-4.60881665148231996e-08,4.54014174871453993e-07
45,6,-2.30471126058729010e-07,3.87288094968391967e-08
45,7,1.30610854351729006e-07,9.95373278314256057e-08
45,8,-1.24860565205011996e-07,1.50918900256351012e-07
45,9,2.81959774595674007e-07,-2.22246683805340999e-09
45,10,-1.17853273932704004e-07,1.56383391659581003e-07
45,11,1.66620184109498991e-07,4.62331601755977973e-08
45,12,-1.49028619096936990e-07,-8.92854030138135998e-08
45,13,-9.59977769741722007e-08,-3.07324377078367989e-07
45,14,1.29689434633470004e-07,1.62104858169795003e-07
45,15,-2.46988035654785984e-08,-6.36464206992242962e-08
45,16,-1.63117176659474992e-07,-1.45413939770636000e-07
45,17,2.06786796863751987e-09,-8.85871410416450032e-09
45,18,-2.55005374539107996e-07,-2.82941167818418020e-07
45,19,2.74383959634897001e-07,1.45199528250547010e-07
45,20,1.37689950845425002e-07,2.31507790048672012e-07
45,21,1.47536897014214010e-07,-2.10012988206510006e-08
45,22,1.55234464689786007e-07,-6.17556300933840011e-08
45,23,1.99347110904656010e-07,-3.18370482454150028e-08
45,24,8.04155509814093037e-08,-1.75769145859712005e-08
45,25,-4.10149823662996984e-07,-6.90527131250015961e-08
45,26,-1.16173096746237001e-07,-4.40433691450045972e-08
45,27,8.82379012197034958e-08,2.35880008250100005e-08
45,28,-3.20810837069019981e-08,-4.99078409528486999e-09
45,29,9.65093048523621064e-08,-7.40408031318108942e-08
45,30,2.17909214082122006e-08,-1.23170447063209004e-08
45,31,-1.27984101520233990e-07,-7.42347641390256040e-09
45,32,-4.27996799170569026e-08,-6.37104013317037053e-08
45,33,1.07738818983363996e-07,8.95775006704309942e-08
45,34,8.10735431188897018e-08,1.85084546308948002e-07
45,35,2.30870856046148006e-07,8.13425751526629941e-08
45,36,-2.17971038235926011e-07,2.08200291708209007e-07
45,37,6.36373701822235031e-08,-1.20630736814478002e-08
45,38,-1.45804924085874996e-07,8.05815299662431056e-08
45,39,-3.05023844101201996e-07,-7.43084926917350985e-08
45,40,1.24091662520914001e-07,1.48773945085815997e-07
45,41,-8.23925566810676999e-08,-1.84794150508201996e-08
45,42,-2.14269874675516999e-07,1.37820908962866990e-07
45,43,1.82155286212515998e-07,-1.96320720836632010e-07
45,44,3.97468670730782001e-09,1.24508640242386006e-07
45,45,-3.08726689521941999e-08,5.81501185802007001e-08
46,0,-3.34478924988844026e-07,0.00000000000000000e+00
46,1,-9.19471395065213059e-08,-8.84501954009104023e-08
46,2,-6.66560417724138060e-08,2.57986525389415010e-08
46,3,-1.28294072962498011e-07,-3.04331818226433986e-07
46,4,8.73406513177802050e-08,2.12924779839494991e-07
46,5,-1.28807991409243007e-07,-1.75471248982541989e-07
46,6,6.40388010507920938e-08,-9.65866721267154055e-08
46,7,1.44169877126775001e-07,-3.34834690419674975e-07
46,8,1.60456663550228011e-07,5.30221210351670002e-08
46,9,-8.23802664108207990e-08,-4.19621759459981000e-07
46,10,2.62149154456166000e-09,4.62905105273610024e-08
46,11,-2.56464020728371975e-07,2.03937313963007010e-07
46,12,-1.24330211251929992e-07,-1.75637472837703003e-07
46,13,1.66084374569767988e-07,-1.84065827171550989e-08
46,14,1.10487259010671995e-07,-1.73356529896167999e-07
46,15,-1.06464459517644999e-07,-1.73226367440653009e-07
46,16,1.87056050313942995e-07,1.39036486823022995e-07
46,17,1.24902648532578990e-07,6.27879415767097049e-08
46,18,-2.02923122636215992e-07,2.17923405591201997e-07
46,19,4.17221439556407994e-08,3.31549655516277004e-07
46,20,5.76944643657771983e-08,5.92454430480275004e-08
46,21,1.07301894000240997e-07,1.45152513506812009e-07
46,22,-1.81024335932194994e-09,-2.48006651757822997e-07
46,23,1.59801104231148988e-07,2.70933809214555991e-07
46,24,-4.17251863041224024e-07,5.21537015370144009e-09
46,25,-2.94567839976501992e-08,-5.83581825119830007e-08
46,26,9.12500341152169063e-08,-1.35017505361569013e-07
46,27,-1.46043200479362987e-07,-3.55642476163733011e-09
46,28,6.81873310855709973e-08,-1.57415689774159985e-08
46,29,8.30766702199324000e-08,1.07548880511075004e-07
46,30,1.10237248429898995e-07,-1.29070104510250990e-07
46,31,3.87672068912141975e-08,2.73016086809573010e-09
46,32,3.57712226652231006e-07,4.37546890806299998e-08
46,33,-2.11521178732556010e-07,-6.90845929047696000e-08
46,34,1.15151289546436994e-07,2.54581501867681003e-07
46,35,-2.19285707581322012e-07,-7.63985923822054033e-08
46,36,-6.35799906984195949e-08,1.90237184617605991e-07
46,37,-3.18105921919519017e-08,-5.76217131793083013e-08
46,38,-2.38834784856126976e-07,1.71346399987514999e-07
46,39,-7.95754535066671983e-09,-2.20196869125357009e-07
46,40,2.61631546604228012e-08,3.38147424069200017e-07
46,41,-2.05570325262818013e-07,-1.30564281516180995e-07
46,42,8.90837089908798990e-08,-6.88190704856614048e-10
46,43,-4.21764635389751032e-08,-1.77796170501584007e-08
46,44,2.11387739000235997e-07,-5.34102239471475976e-08
46,45,2.11016971429351992e-07,-2.83286748486773000e-07
46,46,3.81896674049777973e-08,-1.31730814151465999e-07
47,0,1.57663623289734989e-07,0.00000000000000000e+00
47,1,3.00601915178954031e-08,5.29680324691511994e-08
47,2,1.27355802556095992e-07,-1.57121977533737005e-08
47,3,1.74875968707811992e-07,1.79426344117956999e-07
47,4,-4.93852576778715021e-08,-5.95457284516077012e-08
47,5,-1.11218069834748001e-07,-6.13448586826491958e-08
47,6,-7.10948506655582038e-08,-8.81537637390121957e-08
47,7,-1.89163255801545011e-07,-4.46398905134066997e-08
47,8,-1.27403839610255996e-07,-2.04934974497886000e-08
47,9,-7.26647380826835960e-08,2.06610248501584001e-07
47,10,2.59472758282205000e-08,4.09125889934552019e-07
47,11,3.85291164372469019e-08,-8.11234769664416012e-08
47,12,1.98261450838075993e-07,7.40708501521129962e-08
47,13,-6.70883179962149940e-08,7.62362098220883950e-08
47,14,-3.55970334059421000e-08,-1.17582686205191006e-07
47,15,4.01936346141284981e-08,3.50563675673114982e-07
47,16,1.32143760833269004e-07,2.97264934525754999e-07
47,17,-1.82170711460077997e-07,-2.44819930681885983e-07
47,18,7.85373326583935057e-08,8.57239584711031953e-08
47,19,1.96021686273147008e-07,2.70846593743925012e-08
47,20,-1.40846464564487987e-07,-9.77000194962071016e-09
47,21,-6.65105313765050021e-09,-9.02907288288845950e-08
47,22,3.53703289874604985e-08,1.24616714048415002e-08
47,23,-1.62003244660795002e-07,2.40090361740741020e-07
47,24,4.16507971267469976e-08,-2.88951582934497991e-08
47,25,4.73071798510090031e-09,-2.65986064073260995e-08
47,26,5.68751804188927020e-08,-1.91114681847792003e-08
47,27,-6.34373321225037952e-08,-2.19364245994832984e-08
47,28,1.66923089135530986e-08,-1.83954418014136995e-07
47,29,-1.05105937135699997e-07,-1.03144728841436002e-08
47,30,-5.81538697146826004e-08,-5.16961674753294977e-08
47,31,6.38696858321853044e-08,-2.21866903127682993e-07
47,32,5.25526953187443011e-08,-1.25311004774389010e-07
47,33,-4.59562305431246990e-07,-1.42260279563169003e-07
47,34,1.06312141514997006e-08,-2.47568244667017980e-07
47,35,-5.25023186566389970e-08,2.39891041661680002e-09
47,36,1.08406024529843003e-07,-1.98550417432901994e-08
47,37,-2.18868474266630008e-07,-1.68706795341195010e-07
47,38,7.28664848052060046e-08,-1.42047957339770993e-07
47,39,2.41891931588827997e-07,-4.50928031505681984e-08
47,40,-1.59935518000334004e-07,1.91554723795294002e-07
47,41,-1.53845415370005996e-07,-2.12323246478042003e-07
47,42,1.70619281235362988e-08,8.51626561923066041e-08
47,43,-5.31246364206977968e-08,7.72920781043063965e-08
47,44,1.79898516413597009e-07,-2.59209220240567024e-07
47,45,7.92149664912014941e-08,1.81567548187727995e-07
47,46,1.16524550098004996e-07,8.57369442617830009e-08
47,47,7.08248677936949000e-09,1.58493787135070003e-07
48,0,1.83870232817557014e-08,0.00000000000000000e+00
48,1,1.64733718326968992e-07,-8.19611336195816065e-08
48,2,-5.23996284508280980e-08,-2.89736082616716014e-08
48,3,-1.30088129475948989e-07,1.02376798770236996e-08
48,4,1.03847485667774004e-07,-2.38464052284977989e-08
48,5,1.72025571136207006e-09,-1.41228269583542989e-07
48,6,9.67476145827255043e-08,5.53061189171208989e-09
48,7,2.01355772971246001e-07,-1.62878602834717007e-08
48,8,6.69677084907274998e-08,1.35899736312049000e-08
48,9,-3.26849608490657982e-08,-1.49747566620536006e-07
48,10,1.57536361592361005e-07,-1.71640103975843004e-09
48,11,8.01232171408960976e-08,-1.93574322845308005e-07
48,12,-2.24604167913066988e-07,1.86282213363735990e-07
48,13,1.25737096301770007e-07,1.69342393983667996e-07
48,14,-4.64954344188946977e-08,-4.89334696537384995e-08
48,15,6.94764415275693935e-08,1.61731297509853006e-07
48,16,-2.27356561202841003e-07,1.80437363217060990e-08
48,17,3.41994666133812021e-08,1.80301462615579000e-07
48,18,2.10024842072131009e-07,1.48142211265658995e-07
48,19,-1.73202883700059011e-07,-1.28075654644196989e-07
48,20,-9.37710403252145936e-08,-1.40821387723400007e-07
48,21,-3.05294937579830996e-08,-4.23369874226741024e-08
48,22,-1.48208146359538989e-07,-1.25725833130116993e-07
48,23,8.95455749898001022e-08,7.70659043763999938e-08
48,24,1.61081466356326996e-07,-2.23382591447488996e-07
48,25,2.72075322810335995e-07,1.37420742222097002e-07
48,26,-3.18077363111480021e-08,-9.39045070255789965e-08
48,27,-2.30423795678247991e-08,-1.20584794470250998e-07
48,28,2.46989773805223018e-07,1.06695521906535001e-07
48,29,2.59095842935141991e-08,-7.68532565599136950e-08
48,30,1.93385305420867010e-07,5.41891714933986981e-08
48,31,8.23238009220829969e-08,7.86588488653685050e-08
48,32,-1.59465053803036004e-07,8.52001055126225056e-08
48,33,-9.45788072902930976e-08,-3.73434178423866025e-07
48,34,7.93170952155232936e-08,1.97448478266186002e-07
48,35,9.69575948792739031e-08,1.94189034610889992e-07
48,36,1.57781001995894996e-07,-1.55115489656443986e-08
48,37,1.70691724868818008e-07,2.34803806508575999e-07
48,38,3.45203964169310002e-07,-1.68659798524185001e-07
48,39,-2.24467133469658011e-07,1.37080322538359991e-07
48,40,-1.19833793599661001e-07,9.68203722492575986e-09
48,41,1.49255639957043003e-07,-3.04690962943143995e-08
48,42,8.02335238970839975e-08,4.14016122438336981e-08
48,43,-5.84135289643062979e-08,-4.71297888505624982e-08
48,44,-1.38752644480455991e-07,-6.28021526107032947e-08
48,45,-9.87137491686333070e-09,1.69292692368712013e-07
48,46,-1.36062276533988006e-07,-2.38871931553489005e-07
48,47,-4.90427174915494025e-08,-1.38787837166942008e-08
48,48,1.16830611845306999e-07,-8.15197916260135046e-08
49,0,3.20553064182356986e-09,0.00000000000000000e+00
49,1,-8.93759095322632947e-08,1.83994206615384000e-07
49,2,-1.12936886916962000e-07,-1.13321795521526006e-07
49,3,7.99031417313265058e-08,1.90871937277069003e-07
49,4,-1.75701811774981992e-07,2.21965588878340990e-08
49,5,-8.48053502471877950e-10,-1.59216245632572010e-08
49,6,-7.06516368995624956e-08,9.41003221196491004e-08
49,7,-5.54458087534521027e-08,1.19722789968898008e-07
49,8,-3.06833715903638020e-07,1.03222121541553994e-07
49,9,5.20939611655332010e-08,1.35894020159190001e-07
49,10,-1.44148994178903001e-07,1.42495918182797996e-07
49,11,-1.62153235360301004e-08,-1.34876512550544999e-07
49,12,-3.23691426647318983e-08,1.15108223601801996e-07
49,13,-2.39966344974937010e-07,-6.26222783754585034e-08
49,14,7.65410733970363017e-08,-3.88071475715780994e-08
49,15,-8.36900043666344045e-08,9.69937002742850958e-08
49,16,9.42821221258005021e-08,7.94178587386457953e-08
49,17,2.06161377920534000e-07,8.61309626147991976e-08
49,18,-1.38006843636487992e-07,1.71895156705607008e-07
49,19,-7.04828686334006046e-08,-7.18779541861595995e-08
49,20,-7.11434557959272011e-08,-7.64012696813649032e-08
49,21,-9.00065853661681046e-08,3.43792023974666006e-07
49,22,-2.01076146569461012e-07,-4.69959487514779985e-08
49,23,3.77884212387732004e-08,-7.95047154228408934e-08
49,24,8.38808759648348005e-08,1.62702792206551986e-08
49,25,-3.73499692342690999e-07,1.84552504243325010e-07
49,26,2.36277822464917012e-08,3.22539807801267998e-08
49,27,7.63497968259046037e-08,2.27189334319767991e-07
49,28,2.79024743821134994e-08,-3.07281297657395031e-08
49,29,-8.92704125929179051e-08,-1.82305011237404995e-07
49,30,2.11130633753756996e-07,2.56414820537412989e-07
49,31,-6.01950351375864984e-08,1.97751778759524013e-07
49,32,-4.79901692593463006e-08,7.02147914937191003e-08
49,33,3.92082274210826029e-08,1.07339607116155002e-07
49,34,1.62645784654022008e-07,1.13450480931778006e-07
49,35,1.11494629820117004e-07,2.29686905626241988e-07
49,36,-1.37898497375635989e-07,-6.59169546921151996e-08
49,37,-2.01049662866361003e-07,-1.48122321387334992e-07
49,38,-3.36848966930948008e-08,-3.48791219251417977e-07
49,39,-1.81992938738667993e-07,-3.35612989136630016e-08
49,40,6.59205946974261977e-08,-1.39179560017809002e-08
49,41,1.19328851740780008e-07,-3.07581779367324996e-07
49,42,7.78753420469869978e-10,-1.51720737771385002e-07
49,43,-1.08602498579518001e-07,-1.18424044023699005e-07
49,44,1.81881948349746002e-07,1.90634713937260992e-07
49,45,3.38588883127915026e-08,-1.56109388607678001e-10
49,46,1.20349774656974996e-07,-5.23536119290890972e-08
49,47,6.89566020087583989e-08,2.01890531131927007e-07
49,48,6.95717780696799987e-08,-8.48512701762538946e-08
49,49,-1.08842034379018994e-07,-4.36919691415589967e-08
50,0,6.34521902635659009e-09,0.00000000000000000e+00
50,1,-4.72241681166423004e-08,-1.14843120214990994e-07
50,2,8.50696911581011985e-08,3.87905254932255023e-08
50,3,1.07250969394197995e-07,5.29228832039730007e-08
50,4,4.43449999850781028e-08,-6.43282540891743055e-08
50,5,-2.63295863168090998e-07,-1.79047571557446002e-09
50,6,3.65969110615661016e-07,-6.09734028880595987e-08
50,7,2.08050724624241993e-07,3.30876037243655969e-08
50,8,1.74579180921585990e-07,-1.26516745764060004e-07
50,9,5.91433413638488011e-08,-2.29121574578517986e-08
50,10,9.01974085904107051e-08,1.48151419374589001e-08
50,11,-4.70219329709170023e-08,-1.01117815300985002e-07
50,12,-5.25005782002507971e-08,9.65863388388375038e-09
50,13,1.22543315627383002e-07,-2.07903402388664007e-10
50,14,1.38149388552393999e-07,7.04488406599897948e-08
50,15,-2.01522829402717010e-07,4.93377333850589998e-08
50,16,3.52279170447970972e-08,-5.09190658271681983e-09
50,17,-1.12255043822319006e-07,-2.14583240871120004e-07
50,18,-8.78556782717268982e-08,-1.49532027394023009e-07
50,19,8.97297638694885954e-08,-1.59892741726235992e-07
50,20,-1.57802239176318000e-07,-6.33807931758932939e-08
50,21,4.86628783278297998e-08,-6.11965126905266037e-09
50,22,2.01011918922031991e-07,-1.77346720135555986e-08
50,23,8.73236345394226001e-08,-9.33956079611533936e-08
50,24,1.38752878893080999e-07,-1.05101657770261994e-07
50,25,1.28578804664916000e-07,4.89432838267419995e-08
50,26,8.70504845809733050e-08,9.17788702703207935e-08
50,27,5.81564078928079002e-08,8.55582255609189024e-08
50,28,-3.04858835655304989e-08,-1.91540333728701991e-07
50,29,-5.93471180812282030e-08,-8.89243938878885944e-08
50,30,-1.07384999875049000e-07,5.81648800106771016e-08
50,31,-2.50224595486270993e-07,-1.53553279562135988e-07
50,32,1.11411194241427002e-07,1.78654015663771997e-08
50,33,-9.91995244159671952e-08,6.97864801159705973e-08
50,34,-6.72916955030903982e-08,-6.43078411476815061e-08
50,35,5.33724613707028025e-09,9.84226210708107986e-08
50,36,-1.49299732038981992e-07,-4.46457261677777983e-08
50,37,2.29333049180906993e-07,7.48305936862312955e-08
50,38,1.63661158656638989e-07,1.93052826274767012e-07
50,39,-1.21377546328829001e-09,6.59860585443410034e-08
50,40,1.98951855422180991e-07,-1.22264942439583992e-07
50,41,5.10158995078719977e-08,1.89732788814567002e-08
50,42,-4.17432828621598994e-08,6.61151424705861002e-08
50,43,2.04322020892933995e-07,2.61464421969941990e-07
50,44,1.96755535902944003e-07,1.85189900873074010e-07
50,45,-2.70293514663262011e-07,3.53460901044107007e-09
50,46,-3.07763722993211987e-07,1.00663989809208993e-08
50,47,-5.41325240254371980e-09,5.20516925474354975e-08
50,48,1.19699824477158001e-07,-3.69744464458584982e-07
50,49,-2.46368995205094009e-08,1.62955188522707009e-07
50,50,2.85156721404021015e-07,5.79398777350678030e-08
51,0,2.30251356875172006e-08,0.00000000000000000e+00
51,1,2.54056547160756994e-08,-5.09987414624246995e-08
51,2,-1.88244531850398999e-07,-2.56548372151925975e-07
51,3,-6.43588810143305063e-08,2.29812891868120993e-07
51,4,2.04792569146363010e-08,8.96547598842876967e-08
51,5,1.01261844453458003e-07,-1.16741038915351004e-07
51,6,8.81415812525151973e-08,-1.81639785376272991e-07
51,7,-8.85602529432938026e-08,1.23518796739302993e-07
51,8,-1.40599300696462998e-07,2.59935974809838980e-07
51,9,2.94791633621229001e-07,1.74519489433033997e-08
51,10,8.92167935926140029e-08,-1.21017148557270998e-08
51,11,1.86277654080895998e-07,-6.65110609093583049e-08
51,12,9.40039173756756980e-08,-1.01233133884116999e-07
51,13,-3.17035158982503000e-07,-1.59296468789892002e-07
51,14,-3.96188817092737015e-09,9.91228703314562992e-08
51,15,-1.61489930448408002e-07,3.62890856462895006e-07
51,16,8.97558541548465956e-08,-1.89141505759140009e-07
51,17,-1.37338148263922989e-07,-4.03464164294295011e-08
51,18,-5.50077388185314031e-09,1.58055457435884013e-07
51,19,1.44414533791562996e-07,2.28170313963951004e-07
51,20,-4.15636614023061022e-08,1.29143769307547013e-07
51,21,2.48956462448369007e-07,-1.48505578433475011e-07
51,22,6.66435197283685017e-08,7.54238215569960946e-08
51,23,-4.16876080055232983e-09,-2.04847357974466995e-07
51,24,-2.40067324264283993e-08,5.88399183569970967e-09
51,25,1.27389985971743993e-07,2.77275347746921006e-09
51,26,-3.25817744986395024e-08,-3.76858796615096984e-08
51,27,-1.46647748128316005e-07,-2.97612433299926016e-07
51,28,1.29725460527554996e-07,-8.59387172356284022e-10
51,29,8.36566132608366939e-08,1.19326608481298998e-07
51,30,1.37103453157966995e-07,2.48996272778498025e-07
51,31,-1.39686172592939990e-07,-7.07589843494990952e-08
51,32,-1.02560077034938006e-07,5.92584264970179003e-08
51,33,-2.02665583444852988e-07,-1.05065594412162002e-07
51,34,1.84446278189126005e-07,5.32013363335793977e-08
51,35,-3.29271038289423003e-09,1.52084986217537996e-07
51,36,6.88120171317479974e-08,-1.61930221825281011e-07
51,37,-3.02408588705422015e-08,-1.75671735047964013e-07
51,38,-5.92614889058595976e-08,-6.31544741051336994e-08
51,39,8.22763334663047982e-08,-3.89337050803903998e-08
51,40,6.36416825812411036e-09,-6.41579017598370027e-08
51,41,-1.37414608669109995e-07,1.12034139139440004e-07
51,42,-5.15182519889983004e-09,-6.46084567128836989e-08
51,43,5.64607546077500004e-09,1.67279892733215997e-07
51,44,-2.89614624991656996e-07,-2.21045957117548991e-07
51,45,-1.76880253999941000e-07,-3.48905551299598995e-08
51,46,1.85327563207253007e-07,6.74184168622257956e-08
51,47,1.18125522447615999e-07,9.78032077486626060e-08
51,48,1.56567202473475000e-08,-1.83018291060793991e-07
51,49,5.84638417387580017e-08,2.44411937011776023e-07
51,50,2.68312763686339987e-08,-2.11965131797813005e-07
51,51,-1.18432896718332993e-07,1.76200226373704003e-07
52,0,2.08634081144972988e-07,0.00000000000000000e+00
52,1,-8.83714847424331064e-09,-3.40090757330911979e-08
52,2,-1.71657111559894984e-08,2.08261984373658007e-07
52,3,-5.95452303943740027e-08,2.00067859469027997e-08
52,4,5.41452975951002006e-08,-1.85340008549684989e-07
52,5,1.47166621793250999e-07,2.03719735757707995e-07
52,6,3.96799497116013015e-08,1.72403622301652988e-08
52,7,4.97778246509160019e-09,8.27679685952440989e-08
52,8,1.22554996674276991e-07,-2.46405823669338997e-08
52,9,-5.21007741672528016e-08,-1.48154519980773012e-07
52,10,-7.22983799617073001e-08,1.27060260627024998e-07
52,11,-1.63009203259072011e-07,-2.70212749620510981e-07
52,12,-6.55777257548569045e-08,3.19206437934429016e-07
52,13,1.96589087059546005e-07,1.21577741497023997e-07
52,14,-2.58076490920680998e-08,2.20222347960619999e-07
52,15,-1.20103502069877989e-07,-2.07655762744787998e-07
52,16,1.79530072460340003e-07,-1.03308364272155998e-07
52,17,1.23128223318947994e-08,1.37518918018911992e-07
52,18,1.51958850034231992e-07,1.70767541087772009e-08
52,19,3.02555805284295988e-08,-3.78277911671137995e-08
52,20,-1.02781423804113998e-07,-2.14909754558771003e-07
52,21,9.00366673848381076e-09,-1.03161149763292005e-07
52,22,-4.78851216233702022e-08,3.58676508922464004e-09
52,23,-1.44704588460354001e-07,-9.69721872009987013e-08
52,24,-7.93087741062807971e-08,1.74940353226726990e-07
52,25,1.35174334281184006e-07,-4.95492907250381029e-08
52,26,-2.07226371627105000e-07,1.23755775081719003e-07
52,27,2.78993840856168004e-08,-7.29533782163858024e-08
52,28,-2.21122932848024008e-07,3.94961272107246011e-08
52,29,1.20466897616824006e-08,1.30291999471140996e-08
52,30,4.92567902867377999e-08,1.58161531581863992e-07
52,31,-5.99507104011515998e-08,4.00537545904200975e-08
52,32,1.12491407548403996e-07,-6.02440036074670995e-08
52,33,-5.14077330641244014e-08,6.56058420520406004e-08
52,34,5.80922583081247032e-08,1.32965635215428007e-07
52,35,-5.43083685983288973e-08,6.68439070380143023e-08
52,36,-4.53204072870935975e-09,-1.56085560615870990e-07
52,37,-1.38077497599210009e-07,-5.17985174925158977e-08
52,38,-1.14477539972977005e-08,-3.58995428000049006e-08
52,39,1.73783492190746003e-08,-1.85727814772101998e-08
52,40,2.34765244791386995e-07,8.50753567860342998e-08
52,41,6.59063864632314053e-08,5.90150053704672974e-08
52,42,3.81504963495848970e-08,8.58905023591965020e-08
52,43,-1.12941611891001006e-08,-6.04468321042603041e-08
52,44,-1.06305131467613006e-07,-2.17140850718118990e-07
52,45,2.27581564919676993e-07,1.50721566723036011e-07
52,46,-1.30775925041763990e-07,3.10036570724071994e-08
52,47,8.70227642521719939e-08,-4.72792965362032995e-08
52,48,-1.51428908655594987e-07,-1.61006315222244991e-07
52,49,-1.33674422002377997e-07,1.24562838344683987e-07
52,50,-7.97599641190205063e-09,1.74752296946570995e-08
52,51,-3.16576637648243020e-07,1.33334744038159993e-07
52,52,1.28856381806905001e-08,4.07841275716848970e-08
53,0,3.70605639389097969e-08,0.00000000000000000e+00
53,1,-1.46468335180668987e-07,2.89893189152179989e-08
53,2,-2.33450908335717010e-07,-2.39315639050584977e-07
53,3,3.18437987923680007e-08,8.29537022364686037e-08
53,4,8.14647500431687975e-08,-1.44094994062286011e-07
53,5,-1.00833099828883998e-07,6.89447870055895981e-09
53,6,2.52375501606631005e-09,4.46790214780280029e-08
53,7,-6.11732382962831031e-08,-1.64889762572387993e-07
53,8,-2.10023842839409000e-07,6.50220410586829998e-08
53,9,1.10733757279747000e-07,-1.38414871154903990e-09
53,10,7.77829626650423965e-08,2.11318017000301010e-07
53,11,3.31498023692631982e-08,-3.45168034214009004e-08
53,12,2.29583747203449011e-07,7.98435786974347937e-08
53,13,-8.96122316423768959e-08,-1.03300415119866003e-07
53,14,1.40118988324382988e-07,-1.19473842145115998e-07
53,15,9.06443262393744943e-08,3.88433072026803012e-08
53,16,-1.30652603423896012e-07,1.48440860217554001e-07
53,17,6.77958209746223035e-08,2.72394944073622991e-09
53,18,-1.26185553561216988e-07,6.66802148320032948e-08
53,19,1.01727430894050998e-07,-3.13669244626330982e-07
53,20,-4.80765331398426987e-08,5.83351396359943002e-09
53,21,1.47090974109975993e-07,6.59863329986436054e-08
53,22,-1.41955152308976998e-07,-3.21967424059395019e-09
53,23,9.48187840096610006e-08,-8.05110233672249034e-08
53,24,9.27951197255946935e-08,-1.13186087932826999e-07
53,25,3.14347682983338999e-08,-1.90844703896662004e-07
53,26,-1.21897383118946993e-07,1.65315316916596008e-07
53,27,4.61922636972437985e-09,-2.66535949708264002e-08
53,28,5.78888181830919995e-08,9.00468009974210941e-08
53,29,-1.28702552431694005e-08,7.54843044437150004e-08
53,30,-1.30741178735800001e-07,-2.39990527223447000e-07
53,31,-9.08196010066021955e-08,2.12155166177380005e-07
53,32,8.96363901253977962e-08,2.24804944482517998e-08
53,33,-4.06037916053951008e-08,7.90970078722681986e-08
53,34,1.55151554750543992e-07,-5.39941695685316024e-08
53,35,-1.44448694113872992e-07,-3.35884687061084028e-08
53,36,-3.68131115010953006e-08,3.17351778562128979e-08
53,37,1.04957469624062005e-07,1.53788977922012010e-07
53,38,6.89815532068572066e-08,5.44503667706770981e-09
53,39,2.47505871868308008e-07,-4.62742798081983007e-08
53,40,-9.85812995026758985e-08,3.02823042754166986e-07
53,41,-1.28773372683410994e-07,7.39055387938946978e-09
53,42,1.21093407905053995e-07,-9.71955783222831954e-08
53,43,-3.82717570756465989e-08,-1.13921209312281998e-07
53,44,4.35790019716211967e-08,9.24844713535194947e-08
53,45,3.43266309120553005e-08,1.57442546902839008e-07
53,46,-6.12299104260106059e-08,-4.09745035895229984e-08
53,47,-4.15302870353308005e-08,-3.89999563756559004e-08
53,48,-1.06220341368735995e-07,4.45048145488342015e-09
53,49,8.00677670260049979e-08,1.88173260860296997e-07
53,50,2.26983380096517992e-07,-3.67312093426746005e-08
53,51,-5.31847739001888968e-08,-5.32721786449491032e-08
53,52,1.00447985854647005e-07,-2.29893071931688013e-07
53,53,-1.13724235591153001e-07,2.83364664019591975e-10
54,0,-2.15641955458431001e-07,0.00000000000000000e+00
54,1,-2.57328769443802989e-07,-1.98061053772488009e-07
54,2,1.77537736574832008e-07,7.88749855551389036e-08
54,3,1.57602476977666011e-07,1.02097843978519994e-07
54,4,-3.76703969153572979e-08,1.33836944622820988e-07
54,5,3.34298698676444983e-08,2.85432855222122018e-07
54,6,1.91343935544113000e-07,1.47888756496031993e-07
54,7,-1.84978262789948010e-08,-1.62879126699945009e-09
54,8,3.97184127589725013e-08,-1.14069493479110004e-08
54,9,1.33504683206054007e-08,2.44309072989500008e-08
54,10,-1.23465257817310991e-07,2.92362036872543991e-08
54,11,-6.15651524383496000e-08,-1.86183898660850998e-07
54,12,9.43237152162982043e-08,1.32129943096677996e-07
54,13,-1.74440314351822010e-07,1.71680987471713012e-07
54,14,1.79273820573276005e-07,3.11427971681696975e-08
54,15,6.75082602422538994e-08,2.29690886454139003e-08
54,16,-1.23455846303174997e-07,-8.26457144651055986e-08
54,17,-7.79459155215352930e-09,4.78099153944575975e-08
54,18,4.11072086022789975e-08,-1.63048585916015995e-07
54,19,-5.51915660902201008e-09,1.09882116139414994e-07
54,20,-2.47452970416781009e-07,1.56941899783429013e-07
54,21,1.26180442684408998e-07,6.24878083392197035e-08
54,22,2.83674531965645012e-08,-1.25094124946768001e-07
54,23,1.77745367205304986e-08,-8.45314850238755990e-09
54,24,-1.84621022685873993e-07,1.58509802095415998e-09
54,25,7.81684082653897027e-08,-3.19881373247966983e-08
54,26,-6.99584112035000019e-08,-9.92480097671376060e-08
54,27,-2.20236755306002001e-08,8.72865176055001930e-09
54,28,-1.75274561630213988e-07,-5.14306470210295011e-08
54,29,3.22500321820479982e-07,-1.12531547791016993e-07
54,30,-8.40553406837395995e-09,5.07202776294046985e-08
54,31,1.59286540060658002e-07,6.25070790106328977e-08
54,32,1.66531402955116998e-07,3.24388235345074987e-08
54,33,-1.91480112011633998e-07,-1.16858449685405999e-07
54,34,-2.93230993072509999e-08,-5.13396523787195977e-08
54,35,-5.92688884007650994e-08,1.24241409695325993e-07
54,36,-2.81531368165293993e-08,2.21085979208074995e-07
54,37,-3.78123861246244988e-08,-1.42082252735952993e-08
54,38,2.77261107662565981e-07,-1.52123761001965989e-07
54,39,-7.86297035590605963e-08,-1.15201023000092000e-07
54,40,-1.75681523166636012e-07,-1.23922158877041002e-07
54,41,2.50453883847205000e-08,-1.03363945838643996e-07
54,42,5.95848051363518032e-09,-5.96160795079464063e-08
54,43,-4.21805197744860985e-08,7.43881074798044948e-08
54,44,-6.86930723026236051e-08,1.48301171784785989e-07
54,45,-5.04681125333751000e-08,-7.22104630366474047e-08
54,46,4.78874476983805022e-08,-3.13750127206475978e-07
54,47,-2.96867286899510006e-08,-1.19314496972203008e-07
54,48,-1.80606351137526994e-07,-2.20104305327271013e-09
54,49,1.60610917705264002e-08,1.72299991884952992e-07
54,50,-6.75824769423729993e-08,-1.27564723923158993e-07
54,51,-2.88054705396857021e-07,3.02111962171135973e-08
54,52,2.85720009431252991e-09,3.48655465069083994e-08
54,53,-1.19991351263805005e-07,3.10657811972017983e-08
54,54,2.34664297964943005e-08,1.87652382549307008e-07
55,0,-1.18685178489075001e-07,0.00000000000000000e+00
55,1,-7.21830091941344969e-08,1.61756031035224993e-07
55,2,-7.05914843926299023e-08,4.89184262537867992e-09
55,3,7.15836483970909064e-08,7.28981049408690989e-08
55,4,-7.77597844277832963e-08,-2.25740839309695000e-07
55,5,-1.11339347509621995e-07,-1.29464370322982999e-07
55,6,-2.24967437817889008e-07,6.35965202575221063e-08
55,7,-2.31954143601627997e-08,-4.33958023222045006e-08
55,8,2.41218959750106015e-08,4.19598006775428003e-07
55,9,1.37898550030474993e-07,1.24081852640188003e-08
55,10,-4.35175365175644978e-08,-4.52889070776078019e-08
55,11,7.87817642751454953e-09,-1.15184745477668994e-07
55,12,-2.21732408591837009e-09,6.72454233526675973e-09
55,13,-8.93350601277824952e-08,-3.86310183233911998e-08
55,14,3.42327135596157993e-08,-4.41158075913771990e-08
55,15,-7.98185614140107959e-08,2.55189170557541985e-08
55,16,-7.74137827017811939e-08,-1.46929299707728007e-07
55,17,9.11770121760897955e-09,-1.85292034612780990e-07
55,18,5.96493811559248948e-08,-6.95285672496839031e-08
55,19,7.76383157081357050e-08,5.62388371589256974e-08
55,20,9.08973156618667021e-08,-9.99435065020051996e-08
55,21,2.27409270323220012e-07,-2.41260009213636014e-07
55,22,-1.40097758915347012e-07,-3.52483170590411983e-07
55,23,2.42799137148782002e-08,-7.57316270613671033e-08
55,24,-4.41877586785723023e-08,-8.08570335097265023e-08
55,25,7.65339868086497993e-08,3.04491638176861996e-08
55,26,-2.66134917730794990e-08,1.05370653476771006e-07
55,27,1.39382601313554001e-07,2.45586518779199994e-07
55,28,2.91800521282360011e-07,-1.05896776061877997e-08
55,29,-1.51575092783285005e-07,-6.51076695587251998e-08
55,30,4.45825430162510016e-08,6.64582294985168956e-08
55,31,5.06564270150955971e-08,-1.84880779526167006e-08
55,32,-9.15483728627776020e-08,-1.48266346603993013e-07
55,33,-9.47941310229241994e-08,-2.07104673577580999e-07
55,34,1.36420385831266005e-07,-2.45221313599981991e-08
55,35,-1.42632174480387006e-07,8.85573707717858049e-08
55,36,-1.18945524765610005e-07,7.08098206252421005e-09
55,37,1.39425835894404010e-07,-9.49256759816933963e-08
55,38,-6.34666396695068018e-08,1.11832463823769998e-07
55,39,-2.62286380473979996e-07,1.21552827310349998e-07
55,40,-8.21096522087488945e-08,-6.03708431038275034e-08
55,41,2.08648883328891991e-07,1.12522802596911997e-07
55,42,-2.59854263000087026e-07,2.05747497172299987e-08
55,43,7.02921068144318989e-08,-7.32464413975218046e-08
55,44,-9.25721277652526052e-08,-7.46490193602182028e-08
55,45,1.80820884477754989e-07,-6.15220829693766983e-08
55,46,-3.15006599693462005e-09,-8.12821868115855044e-08
55,47,3.40692076596891004e-08,2.48982069893049003e-07
55,48,1.09422182119758995e-07,9.82303406856904053e-08
55,49,1.42149514063161999e-07,5.92211611744978991e-08
55,50,-2.10759533324317993e-08,-1.54935409611904997e-07
55,51,4.69067200565213980e-08,-9.29253290470439011e-08
55,52,3.88547889223588972e-08,9.45851316775453024e-08
55,53,-2.54970724896998989e-08,6.30868725033509964e-08
55,54,1.75133417400094995e-07,5.81699977157936026e-08
55,55,-1.28500479699157998e-07,-5.05843692360603003e-08
56,0,2.05926797317989999e-08,0.00000000000000000e+00
56,1,1.06486327559481006e-09,-2.84336422053230000e-08
56,2,6.17602583674998965e-08,6.71728454312409995e-08
56,3,-4.82218824511301997e-08,-1.99501716152257995e-07
56,4,-1.19206274109912005e-07,-2.54147454920045981e-07
56,5,-1.25913213955435988e-07,1.68949329479506002e-07
56,6,3.60772153723488992e-08,2.37539074081205999e-08
56,7,1.08301560166017006e-07,2.05466454163280001e-07
56,8,-9.70568236905667945e-09,4.40942968681401011e-08
56,9,-8.35301617079044993e-08,-2.24668647722127988e-07
56,10,-1.31322063741067994e-07,8.50791093497522012e-09
56,11,1.41863054603083000e-07,5.99643854091532040e-08
56,12,2.42794291039083007e-08,1.64667048684942999e-08
56,13,-1.02896552158099998e-07,-1.87312003587882986e-08
56,14,2.96441826999588007e-07,5.68557038190669015e-08
56,15,-8.46272138265670025e-08,-5.39633884055665976e-08
56,16,-6.07766794276614980e-08,-3.38535619648571979e-08
56,17,5.07263706639784990e-08,1.38042659006074994e-07
56,18,-4.75288761503478007e-08,-5.00384842751187000e-08
56,19,6.25267933639297980e-10,-5.27652219050519023e-08
56,20,-1.74207814082126999e-08,7.04402358282893055e-08
56,21,-1.94668575535880001e-07,-6.62001931686194005e-08
56,22,4.53502603452056002e-08,1.33373575375135997e-07
56,23,-1.41490943685358006e-07,2.71414053549941016e-07
56,24,7.58958952186755013e-08,7.25735792669924943e-08
56,25,2.31487278922108987e-08,-1.42166652607858994e-07
56,26,3.26343859773501969e-08,-6.12211150207010051e-08
56,27,1.29999939343729004e-07,-9.82167098040069973e-08
56,28,-1.97454115901040995e-07,-1.72145649303313005e-07
56,29,-1.21370776182744993e-07,-5.23622098144919992e-09
56,30,2.27741639363783012e-07,1.82555667990316002e-07
56,31,-2.69122660900644976e-07,-1.12539444953630001e-07
56,32,-5.04592306136818977e-08,-2.15374474764322991e-08
56,33,6.53588377988072000e-09,1.64543218292450000e-07
56,34,-6.84372295791265006e-08,6.91857701914267935e-08
56,35,-1.08481019983077006e-07,-6.86857955025842940e-08
56,36,6.09895571374443967e-08,-1.63285256931633008e-07
56,37,-3.44314341002991980e-09,1.14643681826284007e-08
56,38,-4.98697462877233984e-09,1.39467435980182004e-07
56,39,4.75049182886396996e-08,9.78724733174190058e-08
56,40,1.07622608826935004e-07,-5.92288791642955000e-09
56,41,-3.71093223290823007e-08,-1.96518104376492004e-08
56,42,-1.95647892513921000e-07,1.50772073601726007e-07
56,43,1.94275391773436001e-07,1.37912847835117999e-07
56,44,1.34964340192551003e-07,1.13557713020120998e-07
56,45,1.06989184285408001e-07,-5.33904853225084988e-08
56,46,-2.09819223945479003e-07,-2.50606240467839998e-08
56,47,-5.23574920753384008e-08,1.02446808247721994e-07
56,48,-1.57062402550910000e-07,-7.11179191664929013e-08
56,49,2.92434969248193000e-08,-1.50530398544584004e-07
56,50,-2.08924631906423997e-07,2.94944817658828999e-08
56,51,-1.83688970000179010e-08,2.04511695025128004e-07
56,52,6.30524053051217960e-08,-1.40404988022308007e-08
56,53,1.02454252863114000e-07,-1.10486403505461995e-07
56,54,5.68680732236041963e-10,-2.12388318891806002e-08
56,55,-1.69799538543225010e-07,2.98242523729252972e-08
56,56,1.36078004353258000e-07,-3.27668833735213968e-08
57,0,2.83234337507734007e-08,0.00000000000000000e+00
57,1,9.45305985918235039e-09,7.37116181334215023e-08
57,2,1.39375400004297009e-07,-2.59534367559822995e-08
57,3,-5.49774440675636020e-08,-1.88549802605266001e-07
57,4,-7.82967190360964970e-08,1.58409056061287007e-07
57,5,-8.97334794757847963e-09,-7.06295099358996010e-09
57,6,3.35433915315607011e-08,3.72961953817374978e-08
57,7,-1.81644590145935999e-07,1.86063128614202004e-08
57,8,1.50176770505900005e-07,-1.33641484734278999e-07
57,9,-9.96879438213856936e-08,-3.21992343682453019e-08
57,10,5.74636512478265033e-08,1.90303283787382003e-08
57,11,4.73122741980487985e-08,-1.15804741205035003e-07
57,12,-6.49235017205642935e-08,-6.81905891528183058e-08
57,13,-5.69563809432361016e-09,-1.58176813107678995e-07
57,14,-6.13988545171212037e-08,-1.64514084358406004e-07
57,15,-2.07038937960191005e-07,-3.18617034887373015e-08
57,16,-5.18815882936173028e-08,-4.04104886729715007e-08
57,17,-7.89133334980664938e-08,8.19979512932973986e-08
57,18,1.49253492153627005e-07,-1.24829824757091002e-07
57,19,1.15943291609662001e-07,1.05818258421950003e-07
57,20,-1.13283778826413001e-07,3.16335780535630988e-09
57,21,-2.08106773642717995e-08,1.81953748856655005e-07
57,22,-4.66964151395817984e-08,4.34731917317230033e-08
57,23,8.25262591186879974e-08,6.19248464356381016e-08
57,24,1.12735084595553005e-07,-1.21447997138510010e-07
57,25,-3.90706256411193991e-08,-6.36888855884962060e-08
57,26,1.46968231175800008e-08,1.04711394146984996e-07
57,27,-1.48785891864998008e-07,4.08169233848036991e-08
57,28,-2.99057403456198031e-08,-1.29895839737983000e-07
57,29,6.66753860594856983e-08,1.54375310362851991e-07
57,30,-1.73155980015704010e-08,-6.37211292401028941e-08
57,31,-1.44054819891603007e-07,-6.32548058458982940e-08
57,32,1.83487016024663997e-07,-9.25367348203224031e-08
57,33,5.34341181223626030e-08,4.42134375187617987e-08
57,34,-4.60526514645204983e-08,6.13336992877538990e-09
57,35,-3.35610129965968990e-08,2.21780970793083000e-08
57,36,-3.55255392706851992e-08,-6.57940758378576953e-08
57,37,-7.08418999600461023e-09,9.09419356759036951e-09
57,38,2.77446484270364993e-08,-1.60650272235296998e-07
57,39,-1.23800279495413996e-07,4.12792938647487995e-08
57,40,-2.31115843244472002e-07,-1.60475629912808991e-07
57,41,-6.81587193629213064e-08,-4.10112562011494979e-08
57,42,2.43858952142388989e-08,-1.38509048254710988e-07
57,43,7.48644710315774040e-08,-9.72164402810568971e-08
57,44,-2.50837983269183977e-07,-7.75517850497663020e-08
57,45,6.50020661545418973e-09,-3.06458365186479972e-08
57,46,-3.28701450625563998e-08,-1.21002543433227996e-07
57,47,4.71042018927336014e-08,7.47104997870949989e-08
57,48,5.15037506484174016e-08,7.15116541757414985e-09
57,49,2.53941138078748979e-07,-5.89035619572308004e-08
57,50,-2.28146496937866997e-07,1.25418405793712996e-07
57,51,-9.63068368655626970e-08,-7.22307629848685048e-08
57,52,-9.42130499109766063e-08,-2.89160456848062982e-07
57,53,-7.13140960546005941e-08,-2.45167701970064995e-08
57,54,-3.81342373351668033e-08,6.60776113568475968e-09
57,55,-3.60566976273970022e-08,1.53432858749363996e-07
57,56,1.09727900432900999e-07,7.19908995695086936e-08
57,57,-3.80340652338243972e-08,2.31587831363660008e-07
58,0,8.51284830596748986e-08,0.00000000000000000e+00
58,1,1.37222044594899995e-07,-1.77140440722437992e-07
58,2,6.29229757693605974e-08,-2.32814460142572993e-07
58,3,-1.16379397312443002e-07,7.00158087859559042e-08
58,4,1.58999411125377991e-07,-1.40942749434322003e-08
58,5,1.99561442208488013e-07,9.30110465731730006e-08
58,6,-3.66491423103414023e-08,1.00137017683984003e-07
58,7,1.39603786244343993e-07,-8.53443956522999039e-08
58,8,-1.88815015387541994e-07,-1.45903997939660999e-07
58,9,1.50980476183995996e-08,-1.50226333686609011e-07
58,10,-9.70843241730598046e-09,4.99138949029474967e-08
58,11,-3.40762857442377981e-08,-1.70062701020938012e-08
58,12,-3.47107402399210984e-08,8.27564171461801062e-08
58,13,-2.04507703585016012e-07,1.06103384110223998e-07
58,14,4.92205843637402014e-08,2.61223073684729982e-07
58,15,-3.87040083574914031e-08,-1.41286087048012008e-07
58,16,5.87754765510051972e-08,-2.35855834502303009e-08
58,17,-1.01932410621021999e-07,-3.34396053020518002e-08
58,18,1.51672697655750988e-07,-2.78396408635088010e-08
58,19,-1.28845810065179993e-07,5.78526499359033985e-08
58,20,-4.62013342063950014e-08,7.04893138412061950e-08
58,21,-2.47700961881420999e-09,-1.89711607684501998e-08
58,22,1.00878948881809999e-07,-1.14812088783596000e-07
58,23,-5.19925247264802022e-08,-2.58358886581792006e-08
58,24,-9.86812200893422023e-08,-2.09107649729769011e-07
58,25,-7.98283043409390954e-08,1.77618143951373998e-07
58,26,1.03050217549149002e-07,1.12120112874978996e-07
58,27,-3.52866106901751030e-08,-6.69340260479836992e-08
58,28,6.60768043844962982e-09,-1.48686715308939999e-08
58,29,-4.23769670741475989e-08,7.91889797620322995e-09
58,30,-2.09252202128058985e-08,6.51096403423746048e-08
58,31,3.67546961330077007e-08,4.99493052524112993e-08
58,32,-2.77354639202318986e-08,-1.06549938150884002e-07
58,33,-4.05638152882364006e-08,-4.43634738377685974e-09
58,34,-5.18984723672039010e-08,-7.52073932494435028e-08
58,35,4.45006272727688019e-08,-4.36481475551389999e-08
58,36,4.46831973228006997e-08,1.15681256640259001e-07
58,37,1.72659866368679007e-07,-2.48882199364475993e-08
58,38,3.93521136462731986e-09,-4.34337366676548996e-08
58,39,4.88264588685787030e-08,1.87207909483920013e-07
58,40,-4.39444780976600002e-08,-2.07505333685919010e-08
58,41,1.06059752867826009e-09,3.81750698235954015e-08
58,42,8.74425989725808011e-08,2.08348978619179001e-07
58,43,-1.25487147274683012e-07,-1.42681086762166996e-07
58,44,5.86264272582627995e-08,-3.82916983363112001e-09
58,45,2.74079326568537004e-07,1.96239045043329989e-07
58,46,3.56995188176922030e-08,-7.26751836180599001e-08
58,47,3.71641866375518998e-08,5.54074831984408998e-08
58,48,5.45016562343814977e-08,-2.16381266093919988e-07
58,49,-3.36134729887934992e-09,-2.07698885622996007e-07
58,50,4.04800292844014964e-09,8.00707810124179025e-08
58,51,7.51114274856794049e-08,-1.52113484250958990e-07
58,52,9.04514529613442048e-08,5.80647387904313999e-08
58,53,1.72657221755143997e-07,1.41004333997273987e-07
58,54,-4.46336164911392013e-08,1.06477405921692007e-08
58,55,-5.21390588339215984e-08,1.26793870695563996e-07
58,56,-1.01285093130138000e-07,-1.73151413171307996e-07
58,57,-1.96319090924313991e-07,-1.50504866146315995e-07
58,58,7.07949459696699031e-08,-3.77560609717367012e-08
59,0,8.26747838869119047e-08,0.00000000000000000e+00
59,1,-2.06625109865064013e-07,-2.42397397363115998e-08
59,2,-9.41092913080639995e-08,1.15543352394608004e-07
59,3,-8.24572941104439009e-08,3.91467711515900020e-08
59,4,5.90162666572273983e-08,-2.32606366222441992e-08
59,5,-2.81311931346913023e-07,-5.05835294031853968e-09
59,6,3.18046499422665985e-08,-5.98487702949841951e-08
59,7,-2.20893191090902010e-07,5.95289673069945013e-08
59,8,1.40503794757660005e-07,2.25016734000157995e-07
59,9,1.69700792841493000e-08,1.29292764628684009e-07
59,10,-8.75068086053488998e-08,9.10999535453335956e-09
59,11,1.18885508986034004e-07,3.89658717468874030e-08
59,12,-2.04740685314333995e-07,4.98551918969600967e-08
59,13,-9.86090029003373001e-08,-1.29337137880507990e-07
59,14,1.61298213762586010e-07,-4.52267732182475968e-08
59,15,-1.83473497571165004e-07,-1.99628604536120994e-07
59,16,1.24650471788685012e-07,1.71246599252372990e-07
59,17,-2.58887673193183016e-08,1.74813491493845989e-07
59,18,1.20672922082045996e-08,-3.03663514617514000e-08
59,19,2.63129674199096004e-08,-4.70568974060640010e-08
59,20,-3.06699446392952033e-08,5.01185554205167006e-08
59,21,7.57627007140878954e-08,1.36100605796835001e-07
59,22,1.21881232961777995e-08,-1.53731696856105013e-07
59,23,-2.35206987432562993e-08,2.79743628606806986e-08
59,24,-6.41367855591364952e-08,1.86919510890907009e-07
59,25,5.52216157872093026e-08,-7.98485430924445959e-09
59,26,1.27949402410230006e-08,-9.08657898323277969e-08
59,27,6.04924281661475035e-09,6.60283746592640012e-08
59,28,-4.23211930181679014e-08,1.93152593728130990e-08
59,29,-7.40729822233155036e-08,1.25640306750472995e-07
59,30,4.85929204691186014e-08,-1.72582456315832000e-07
59,31,-1.67232572545659004e-07,1.28108297252689003e-08
59,32,-5.56446585600460978e-08,3.75622507346845976e-08
59,33,2.83954267556972991e-07,5.87192546990800012e-08
59,34,1.97352650759714003e-08,3.84043576411228995e-08
59,35,7.44681439491607997e-08,1.85975301309922995e-09
59,36,1.08340759349114003e-07,2.75722453888568996e-07
59,37,-1.88552822297966997e-07,-1.91762659986417012e-07
59,38,-2.02664187406363002e-08,8.65656868943009938e-08
59,39,-7.35714615252148977e-08,8.11794342824173030e-08
59,40,-1.29816637030508999e-07,-2.31116446241151994e-07
59,41,1.31568368284139997e-07,2.91706504906320990e-09
59,42,4.57733294626963975e-08,-3.00675988538285992e-08
59,43,9.52921499745584973e-08,4.15911355044742995e-08
59,44,1.63048228026749987e-07,5.21538270314673016e-09
59,45,-3.84003503621417025e-08,1.46478307760599004e-07
59,46,-1.62730670019717998e-07,-2.02823876478553992e-07
59,47,3.53394937686774982e-09,7.35792365386282999e-08
59,48,3.85841046158166001e-08,-8.64954718351609029e-08
59,49,1.83519831222336991e-08,1.42267726560675989e-07
59,50,-1.91917319470906011e-07,9.79820516237219982e-08
59,51,1.30598433591834995e-07,-2.71165949028510985e-08
59,52,6.21451359217669967e-09,2.22057907792386004e-08
59,53,-1.04497373044505999e-07,-1.22963433671976009e-07
59,54,6.15828368847853946e-08,3.80698821053411978e-08
59,55,1.54186927701101005e-07,-1.79693734869652005e-08
59,56,7.89348156048763017e-08,-5.58124228992581989e-08
59,57,3.58356207411418996e-08,1.37468278982673994e-08
59,58,1.84637522599346010e-07,-6.29901933909456039e-08
59,59,9.33799349265058981e-08,7.91096675124648937e-08
60,0,2.04174150698592004e-09,0.00000000000000000e+00
60,1,6.76796625042604048e-08,-3.63814394345918969e-08
60,2,1.68830528296957992e-07,-7.49984413280221968e-08
60,3,3.08618564286325021e-08,6.40744459970229026e-08
60,4,4.26264669393251976e-08,-5.79049350652895019e-08
60,5,8.46189237857457958e-08,1.70327038612116002e-07
60,6,-3.75016781063332973e-08,3.62385866703776995e-08
60,7,9.98360223750438967e-08,-9.77292993991661960e-08
60,8,-8.00892630625783949e-08,-2.69965169132583976e-07
60,9,-1.26500109207072000e-07,-3.04128045312645009e-07
60,10,5.23998136745271992e-08,-2.81615755727469016e-08
60,11,-2.39688652574690022e-07,-1.14882030499449006e-07
60,12,-7.67693439939330946e-08,-1.18685750183668998e-07
60,13,8.81738489341588063e-08,-7.57221071862551988e-08
60,14,4.37445141354770994e-08,1.30772461520434995e-07
60,15,2.60813143800122010e-08,1.45103961129410002e-07
60,16,1.48828112289314999e-08,1.13305853028679005e-08
60,17,-1.51614797090963003e-07,-7.53708360635495016e-08
60,18,1.76415940330672005e-07,-2.15018752397380010e-08
60,19,5.57913022337267974e-09,-3.17345438837111969e-08
60,20,5.50141928319910984e-08,-1.24451319857190003e-08
60,21,-1.53534164905061999e-07,3.92907484941006986e-08
60,22,-6.73301455021377984e-08,9.91060524303428983e-09
60,23,1.48327211891015000e-08,1.16094983999525996e-07
60,24,-1.71898790017649998e-08,-6.70134833316160965e-08
60,25,1.82384860381088001e-08,-1.18218301649210004e-07
60,26,-5.79065820238685971e-08,-2.18909583739566988e-08
60,27,-1.15044874402292000e-07,-1.45276586837388013e-07
60,28,-6.50179910202669051e-08,-6.84046905141800975e-08
60,29,1.24645919598669008e-09,5.77255600300805973e-08
60,30,6.43923124772442949e-08,4.32127569730923009e-08
60,31,-6.99750316517363950e-08,8.56023674834698055e-08
60,32,6.16099093694338017e-09,6.83603365915925059e-08
60,33,5.66266987647645987e-08,-1.41883904137959007e-07
60,34,-8.23511105642431059e-08,3.59685131723553986e-08
60,35,4.44248869059439026e-08,6.64144523882286047e-08
60,36,-2.49877311449129001e-08,-1.11437557203618001e-07
60,37,-1.34249080331199993e-07,-1.23787582642094003e-07
60,38,-7.02535103141994049e-08,-4.92680014478967009e-08
60,39,-5.79904471660636998e-08,-7.32725984323347033e-08
60,40,2.93377359660230001e-08,3.02156394568136016e-08
60,41,1.50933564043453002e-07,1.02151323899043003e-08
60,42,-1.01506997559591998e-07,3.05550710341672022e-08
60,43,-9.26132005340042001e-08,-1.06696039182091008e-08
60,44,-7.13367022293615962e-08,1.11401510083002998e-07
60,45,-2.17727528001307989e-07,-4.89756922727165005e-08
60,46,-1.57165135135113996e-08,-4.40038615146794006e-08
60,47,1.82235881211971990e-08,2.61212311197531015e-08
60,48,7.22116218113417979e-08,-3.72251820116651980e-09
60,49,-1.59308129200991989e-08,1.27775955981719988e-07
60,50,-6.40727354224468023e-08,-8.39622592393683949e-08
60,51,4.69364213623451995e-08,-7.56263377171490044e-08
60,52,-1.27034433104481997e-07,-6.80276812281605001e-08
60,53,-1.13858225870077003e-07,-2.48109573027143014e-08
60,54,1.73378756033977001e-07,6.07764687769523046e-08
60,55,-5.42382194827249032e-08,-5.67936120247499000e-08
60,56,-1.97084801943826010e-07,2.37316437754119993e-08
60,57,-1.71364763093465996e-07,-3.88060590414641016e-08
60,58,1.92254731463501015e-08,6.56305976684085030e-08
60,59,-1.53959154264573003e-07,-5.38555429038455006e-08
60,60,-1.35986302578459997e-07,-1.10730211942453999e-08
61,0,1.06300894958385003e-07,0.00000000000000000e+00
61,1,3.20376830898958981e-08,9.04264620245997958e-08
61,2,4.72415608889956005e-08,1.68892916935949002e-07
61,3,-1.36348463407498005e-08,4.31449725549085995e-08
61,4,7.00772059119812998e-09,-6.71886270560082972e-09
61,5,-1.37272261167153012e-07,-3.63396798323738974e-08
61,6,1.79447622901386004e-07,-9.76061046496035969e-08
61,7,-4.53685407788010020e-08,1.96938294559336004e-07
61,8,-3.14591631701553001e-08,8.47975595616496052e-08
61,9,6.34593743470021936e-08,1.50069149014281005e-07
61,10,-6.71939747075394034e-08,-8.73355952819021951e-08
61,11,1.15317607083212998e-07,1.07688976936343993e-08
61,12,5.17681641799754994e-08,9.11236866702496025e-08
61,13,-4.25480813442901015e-08,-4.41618640708056000e-08
61,14,-1.21470540192220994e-08,9.12821675958139005e-08
61,15,-6.48568823788285027e-08,-8.81580882635401957e-08
61,16,1.25852360668159008e-07,-1.46274922210229990e-07
61,17,2.55963338792716995e-08,4.98826095134098984e-08
61,18,-6.11682885827378043e-08,-1.39931752286905000e-07
61,19,-6.26288194043066032e-08,1.40917047965871010e-07
61,20,-2.49496369081642979e-07,1.35465914810931989e-07
61,21,3.85126165563265005e-08,3.84068291627303001e-09
61,22,-1.40598034710667992e-07,2.47133564071156016e-08
61,23,7.45949781421118000e-08,7.41178521402905017e-08
61,24,2.95338296101656000e-08,-1.80343794000756993e-07
61,25,-2.09238149401706987e-09,1.58367130801601991e-07
61,26,-2.45674466991254014e-08,-3.36029606484342014e-08
61,27,2.77039496564514977e-07,3.51222215627617975e-08
61,28,-7.94333140341524956e-08,9.97416234688911051e-08
61,29,8.79362879721277984e-08,-1.83818620667364995e-08
61,30,1.60761113905079009e-07,-1.14344034360661003e-07
61,31,-2.58557807573521985e-08,1.89087948550427998e-09
61,32,6.93033775861793967e-08,-1.58748435756252988e-07
61,33,-4.14806157139337028e-08,4.13822568542026991e-08
61,34,-1.47876197762983995e-08,1.36956137273475989e-07
61,35,-2.04268594479027993e-07,-1.55086662520493999e-07
61,36,9.18477675718081941e-09,6.34378094011924941e-08
61,37,2.33405941497147013e-08,8.99880032613867004e-08
61,38,7.65990043747131991e-08,-2.71174645622016012e-08
61,39,6.69836701888656032e-08,5.10286265070331014e-08
61,40,-7.45693621114458062e-08,7.06274290486378053e-08
61,41,9.76809342333840982e-08,1.51187596188323013e-07
61,42,-2.46806572595565995e-07,-9.05695243132620927e-09
61,43,1.22207979064873997e-07,4.58370970592685992e-08
61,44,7.64711962830172988e-08,-7.83235820097888946e-08
61,45,-5.21294972089281006e-08,-1.45092927797096998e-08
61,46,-1.99735607692319018e-09,1.13482036183045006e-07
61,47,-3.16057854030796990e-08,6.86346836116806941e-08
61,48,6.41414737932333058e-08,8.84995852177204042e-09
61,49,9.00796752219165927e-09,-1.58273905519185991e-07
61,50,6.93346135350052042e-08,-1.10037554968504002e-07
61,51,3.85962451732613030e-08,1.13511671884196004e-07
61,52,6.19617243576176947e-08,-2.71922419624362996e-08
61,53,2.41239982417233012e-09,1.70544613517341011e-07
61,54,-2.74488365444090993e-08,-1.17747538260437003e-07
61,55,-1.71506889135599992e-07,-1.19369975269207007e-07
61,56,1.01104061395300998e-07,-7.06124618780445989e-08
61,57,9.02945511142070948e-08,-1.14800916563138999e-07
61,58,-9.31765248788678947e-08,1.44070753089161994e-07
61,59,5.57135021771135026e-08,-3.71239336050868968e-08
61,60,-3.76828027879608004e-08,4.81307179569597004e-08
61,61,1.97217400437527994e-07,4.62731858009181008e-08
62,0,8.98465055934076997e-08,0.00000000000000000e+00
62,1,1.25011362986910006e-07,6.88847605951437988e-08
62,2,-2.73839089775456989e-08,-9.32967925641072022e-09
62,3,1.12727604769805008e-08,-9.11417028548745938e-08
62,4,-3.52338675086578005e-08,7.41309611380270972e-08
62,5,8.75749697548601935e-08,-3.96240550874889998e-08
62,6,-6.10474016630231949e-08,7.62295978198509012e-08
62,7,-2.69335235490684997e-08,-2.03555179389350989e-07
62,8,-7.93828476729406950e-08,-2.81741869873117986e-08
62,9,-2.31281568227169016e-08,4.95706608688142987e-08
62,10,1.65331271673931008e-07,-3.40021747406641031e-08
62,11,1.13767115512895995e-07,1.79893249754772992e-07
62,12,-1.22443905909224999e-07,-8.15833121976788058e-08
62,13,2.07827601524541996e-07,-2.12395067670743985e-08
62,14,-1.27849064296246993e-08,-4.37916833214203971e-09
62,15,-8.41871325058968008e-09,-1.86963246861185012e-07
62,16,6.27699218724140019e-08,1.26499951549637994e-07
62,17,-5.73155229117113988e-08,1.87418268501132992e-08
62,18,9.89496295654717974e-08,8.24210215769049065e-08
62,19,-8.48981879724839004e-08,4.45153601479073986e-08
62,20,4.90226910622790031e-08,-1.02577619752994001e-07
62,21,2.38422114126581006e-08,-1.62303347163166004e-08
62,22,2.45367185772869997e-08,-6.45587265989952979e-08
62,23,3.27090368267238006e-09,6.72635701366870049e-08
62,24,6.32029595561065994e-09,-8.58630607685141034e-08
62,25,5.67002952803441981e-08,1.69449724062293996e-08
62,26,4.90784069804627005e-08,6.34988853610557063e-08
62,27,1.98302344596877001e-08,6.02252433803894004e-08
62,28,-5.92169533701569995e-08,3.65565623030254020e-08
62,29,3.51277542857081997e-08,-1.02600993881497005e-08
62,30,-6.43347404925064964e-08,6.05948837725348974e-08
62,31,-2.00378927772565010e-07,9.12328304297802020e-08
62,32,1.50290368943619998e-07,1.12133756340854004e-07
62,33,-4.76948595124047027e-08,-6.67103257899000001e-08
62,34,1.12359948039779994e-07,-5.51005446382054032e-08
62,35,-6.35881620656560040e-08,-3.65602498863871976e-08
62,36,1.27358809428233988e-07,-2.48087157783674992e-08
62,37,-1.01605299779902994e-07,-9.49265356779330045e-08
62,38,9.23091907471042061e-08,4.61313528937322999e-08
62,39,4.70132159804624984e-08,2.17313212507523994e-07
62,40,1.61227779420969007e-08,-1.44911207119788011e-07
62,41,2.30082457006377998e-08,-1.00656707264384998e-07
62,42,-3.56599250813115984e-08,-1.26538499968480999e-08
62,43,2.82454747948928992e-08,-3.85751015356893004e-08
62,44,-3.03721745580091969e-08,-1.00549237860593000e-07
62,45,-3.09101471704466010e-08,8.51904108261179986e-08
62,46,2.21645557536672987e-08,1.51616210501779003e-07
62,47,7.49958794805022991e-08,-1.45005971740644996e-07
62,48,4.21920998980239006e-08,7.50926852119001066e-08
62,49,1.39346434959202998e-08,7.19880530574710030e-08
62,50,1.21955708923899000e-07,1.67019369611328007e-08
62,51,-8.80976509486380963e-08,-1.18973332823907005e-08
62,52,-9.32874945022981995e-08,-2.21404051664063013e-08
62,53,-7.31512629417805987e-08,-1.25788573142338995e-08
62,54,-3.72168396060294991e-09,-1.06901823141083998e-07
62,55,-3.71417146051751976e-10,5.61028540332532985e-08
62,56,1.15495236189246998e-07,8.47173013678886934e-08
62,57,-1.25620585111197996e-08,2.03569241283865015e-08
62,58,-7.05679403273197965e-08,7.14675795391006936e-08
62,59,3.60294027262248999e-08,-2.31097822314069003e-07
62,60,-2.25133108033218987e-08,9.16549423289369970e-08
62,61,5.51894342503311029e-08,-6.67598264154053004e-08
62,62,-9.26864297022260952e-08,8.05355677624055066e-08
63,0,5.93257247842286002e-08,0.00000000000000000e+00
63,1,-4.41702758130335968e-08,-1.00664060631038000e-08
63,2,-2.83387528047359006e-09,1.37891389538129013e-07
63,3,7.47867439191189987e-08,4.04241547111407992e-08
63,4,-9.31041456964750984e-08,-2.82639479896852008e-08
63,5,-1.18787197825954006e-07,2.15830920564810989e-07
63,6,7.40372017731181964e-08,-5.44878675862941024e-08
63,7,-9.08919065058599948e-08,-7.15245205834517982e-09
63,8,6.97884000851478988e-09,-4.15552523691655969e-08
63,9,-5.90558870662288013e-08,-9.91755055438453043e-08
63,10,-4.06248629331353986e-08,-1.34483194822107007e-07
63,11,-8.05716605998655958e-08,2.10797389976549003e-08
63,12,9.92020955742287061e-08,-7.83577405688842969e-08
63,13,2.39814646000615992e-08,7.25087274232573969e-10
63,14,-1.22644669961014000e-08,-3.46536824185446004e-08
63,15,1.09692798589717000e-07,6.82618023874825034e-08
63,16,-8.65544872398772045e-08,1.74988455418292995e-07
63,17,-3.58199745822455990e-09,1.64141817610373993e-07
63,18,-5.49804846980236015e-08,-1.86673556701920009e-08
63,19,-7.50258372957507027e-08,4.11838452166130991e-08
63,20,-4.97270585067552992e-08,1.69618043643037987e-08
63,21,-1.21672090255435002e-07,-1.07178854816906999e-07
63,22,5.80583552857705995e-09,4.51456230398469991e-08
63,23,1.59285246529951992e-07,-5.17513581189317998e-09
63,24,-8.49684997604771986e-08,2.52991857355559004e-08
63,25,-1.12946910310266994e-07,1.34177690404969006e-07
63,26,4.65968238131003013e-08,-5.51879283478419027e-08
63,27,-4.54876292467000012e-08,-1.88792174657073007e-07
63,28,-1.29843759451856006e-07,5.78425434837815977e-08
63,29,-6.76087362429331011e-08,3.60971225115460020e-08
63,30,8.56995638065720059e-08,-7.04655631123146962e-08
63,31,-5.75663449248205997e-08,7.31894840564682967e-09
63,32,3.59492023104512978e-08,-7.44094092691761017e-08
63,33,-1.53173801311487014e-08,-8.47826272564432043e-08
63,34,6.75950528006055965e-08,-2.62402820325508997e-08
63,35,-1.23794354387525002e-07,-2.42329585554617001e-08
63,36,1.08888694828342998e-07,6.35336602708258966e-08
63,37,-3.13872668179589984e-08,1.60534812321583001e-07
63,38,1.36575113728946996e-08,5.23751666746833989e-08
63,39,3.16949028047825026e-08,9.01391131279173973e-09
63,40,-2.49994207170459999e-08,-1.02749435220506994e-07
63,41,1.12347858911913999e-07,7.45955516638480013e-09
63,42,5.11653750528821982e-08,-3.65966334799707023e-08
63,43,-4.99328956848350027e-08,3.90003064779917996e-08
63,44,-5.78118450417724972e-08,9.87161353942170964e-08
63,45,-2.82377220858325999e-08,1.49369118236545012e-07
63,46,-7.04561322992188965e-08,-6.03884398593080979e-08
63,47,-3.89405596874592981e-08,-9.59536897953434998e-08
63,48,5.85639701266614005e-08,1.28399577558878995e-07
63,49,-1.00015950619958003e-07,-2.06005627536073006e-08
63,50,-8.13372260437185020e-08,-2.51286958156255991e-08
63,51,-4.21052520277626031e-08,1.57170396445899985e-08
63,52,7.11667136756021037e-08,-1.23144692764494989e-07
63,53,1.18679551062628002e-07,5.31314547756104015e-08
63,54,7.48348158916477992e-08,-2.36473633789346016e-09
63,55,-1.16051839113529994e-07,-8.32345320980115061e-08
63,56,6.22913213602337006e-08,-1.51489220939041013e-08
63,57,-3.46520768800941016e-08,3.08530797781483969e-08
63,58,-2.66994017929412993e-08,-1.25977505421655988e-07
63,59,-1.29992142950016999e-08,-4.59797231168376996e-08
63,60,-8.84798085128103963e-08,3.95086130354556997e-08
63,61,2.05537852979179990e-08,-1.06170919059395997e-08
63,62,-1.10160821744151997e-07,-1.51979367228926994e-08
63,63,-9.59666133669145035e-08,-6.63130229085187976e-08
64,0,1.15682297379247007e-07,0.00000000000000000e+00
64,1,1.93913049606489000e-08,2.76255459964165009e-08
64,2,1.42760116614235007e-07,-4.53966609646514033e-08
64,3,-1.04357741274633996e-07,-1.62897604117331004e-07
64,4,-7.50421617016414024e-08,6.79182005599424959e-08
64,5,9.45218767590215036e-08,-7.30230392470348039e-08
64,6,1.61606297463681992e-08,-5.74668968054658982e-08
64,7,1.31499283023088000e-07,-1.22597330203699011e-07
64,8,-4.80127881970929993e-08,-1.26785664491822001e-08
64,9,1.26865406032672002e-07,-1.60678033397660004e-08
64,10,-2.25156577281785988e-08,2.41948879026061009e-07
64,11,7.72093484768082051e-08,1.28247365363477002e-07
64,12,-7.49060438370583928e-09,5.36579143333458018e-08
64,13,5.89192757288569003e-08,1.07745393546828006e-07
64,14,4.02592670396705027e-08,-1.45161664060683997e-08
64,15,-6.44017688674304027e-08,-1.14949464401882996e-07
64,16,3.80220661383065001e-08,-3.48827871821614005e-08
64,17,8.20912271393827985e-09,-2.70782980208118011e-07
64,18,-9.14148543621731049e-08,2.55293083491594998e-08
64,19,7.37714382983761982e-09,-8.66210118007989959e-08
64,20,1.80535008000099001e-08,-2.94326351579581011e-08
64,21,-5.40066750769131996e-08,5.64064595201190987e-08
64,22,1.55471192369489997e-07,6.85605598662486996e-08
64,23,-6.86436079004734003e-08,5.34704005253230015e-08
64,24,6.63065500534269008e-09,6.32873541279306979e-08
64,25,-3.35824482923066031e-08,4.09384351292558997e-08
64,26,1.60280747076456013e-07,-1.90731401911613003e-08
64,27,-9.11931767877536951e-08,4.60078926791530977e-08
64,28,-7.73176874645243006e-09,3.17967474165717023e-08
64,29,-2.80662611064859986e-09,1.65254197573093994e-08
64,30,1.32281224594089994e-07,-1.22213724255736998e-07
64,31,-6.66200833322853014e-08,-1.62740090433563015e-08
64,32,6.12691958036724938e-08,-1.33502360584449999e-08
64,33,-1.38515154490547004e-07,-1.52886317555271994e-07
64,34,-8.91040333483410048e-08,-3.66733268502218988e-08
64,35,9.08589060378788995e-08,-1.13064976934677001e-07
64,36,-1.58919381152496994e-08,1.09614358178937000e-07
64,37,2.00596830750563013e-08,-3.10819602382072977e-08
64,38,-1.21668771459306996e-07,5.07109030863967010e-08
64,39,-6.08193831678750048e-08,-8.29214278351087009e-08
64,40,5.49126454400188975e-11,-7.14179517058108040e-09
64,41,-1.05666100431502003e-07,3.58858974759001987e-08
64,42,-2.33778126852518006e-08,3.26409258754970992e-08
64,43,-1.49461100935580008e-07,9.24404742216687984e-08
64,44,-7.34139493842308060e-08,-1.14593756472214994e-07
64,45,-2.28190395359646997e-08,-8.96194883271728948e-08
64,46,6.13139710928547987e-08,-4.22218978025993022e-08
64,47,5.09482117773652997e-08,4.11900514601149011e-08
64,48,3.04058008929312999e-11,1.51997890201472987e-07
64,49,-1.08836666033809998e-07,-1.60133425514198010e-08
64,50,-2.66436601865095985e-08,3.67245335866368987e-09
64,51,-1.13366831113483993e-08,-3.06892561838414006e-08
64,52,1.34481803347591007e-07,-2.78141465335649003e-08
64,53,3.18157804454173984e-08,-1.06813715892085999e-07
64,54,-1.01794539659897007e-07,-2.95932483774674004e-08
64,55,7.71402019129828026e-08,-7.30010410059860972e-08
64,56,6.61401432971580023e-08,7.79032999931759014e-08
64,57,-3.72977847531484025e-08,-5.81626203068901026e-08
64,58,5.55731363173897977e-08,6.99546933480454061e-08
64,59,1.64216793308077011e-07,-3.33071178157039011e-08
64,60,1.22003378554757008e-07,-3.26975121071769012e-08
64,61,-2.32485177439053990e-08,2.06437078141288989e-07
64,62,1.38113509026279999e-07,9.31447132055755009e-08
64,63,-8.97602743983450027e-08,-2.40184556609042994e-08
64,64,1.19807949082942006e-07,8.28501059160183953e-08
65,0,3.72305979094063011e-08,0.00000000000000000e+00
65,1,-1.16285028839476997e-07,-7.80454030557203960e-08
65,2,2.44726604438719998e-08,1.10382177410155994e-07
65,3,2.06533522223561007e-07,9.15185285369360999e-08
65,4,1.25543355477387999e-07,2.29485716976171011e-08
65,5,9.83287914367728994e-08,3.16830734926329989e-08
65,6,2.86290984297427011e-08,-2.27034196182853002e-08
65,7,-4.18773317270360012e-08,1.13491952429227996e-07
65,8,8.06005314836889937e-08,1.17697346587852998e-07
65,9,1.16254425436559004e-07,2.28642573736065011e-08
65,10,-3.12318752120131023e-08,-1.43940339438606011e-07
65,11,-7.81507484876955994e-08,-2.24326854267115010e-07
65,12,-5.04470660051478985e-08,3.37691970383547994e-08
65,13,-5.47608676440442977e-08,-1.16500039727503006e-07
65,14,-4.08719638781941000e-08,-1.43968429743754012e-07
65,15,-4.30098194514084988e-08,-5.18699978703858007e-08
65,16,5.50212973584362974e-08,-1.36016330886962995e-08
65,17,5.51355030416278993e-08,7.81406010167858040e-08
65,18,-4.49494244851052026e-08,8.28018660833085023e-08
65,19,9.76552016720704945e-08,-7.85733966752529073e-09
65,20,5.61498330328405985e-08,9.59701316033088025e-08
65,21,-4.23675804412807971e-09,-1.94175004293706012e-08
65,22,9.22426156171485964e-08,7.09017158567341020e-08
65,23,-9.14958424682077022e-08,-1.02740953441619998e-07
65,24,2.25631075814200009e-08,-4.36847843413777972e-08
65,25,6.40654861879009990e-08,-5.87550754061881976e-08
65,26,-4.17508348769347996e-08,7.38318955491393000e-09
65,27,-2.69597541339209007e-08,-1.19535046079209994e-07
65,28,1.35930642004013004e-07,1.88335712691170984e-08
65,29,-9.62193223015694972e-08,-1.35427338618153002e-08
65,30,5.89394976299979984e-08,-1.47923994091698992e-07
65,31,4.67410411045405992e-08,2.64603844356261993e-08
65,32,1.49463306671042997e-07,3.81292666952353015e-08
65,33,-1.18810948103480004e-07,-6.44367367801320005e-09
65,34,6.71274584056417060e-08,1.30945138602466011e-07
65,35,3.82161425598168020e-08,1.07785363512686003e-07
65,36,4.57414503733594014e-08,1.19623628150341003e-07
65,37,1.13254794287044005e-07,-1.35153013336760990e-07
65,38,-9.12593178115331962e-08,-7.00436858116618016e-08
65,39,4.06432761832997006e-08,-1.77054677011828007e-07
65,40,6.25760804552695051e-08,5.99137837514424965e-08
65,41,-9.35444418325575996e-09,5.29754544420909007e-09
65,42,-4.54028298133299974e-08,6.35484143331209064e-08
65,43,-1.37605744603461998e-07,3.95516411234518000e-08
65,44,2.97149841339916985e-08,4.49783056927078014e-08
65,45,-2.17889804867086993e-08,8.71465067018380013e-08
65,46,9.79454869212656945e-08,8.30897764791717061e-08
65,47,1.22683267372928996e-07,-7.13566813689507063e-08
65,48,5.22986678991230982e-08,-5.25053442637983031e-08
65,49,-5.47166000847531996e-09,-9.59877978913243038e-08
65,50,1.68671346873234005e-08,-6.52355724769485016e-08
65,51,1.49175676898299009e-07,-7.64104235700391013e-09
65,52,6.12063159765232978e-08,8.67966433228266976e-08
65,53,2.95876503549640004e-08,1.31076727396742998e-07
65,54,-4.32273007537218029e-08,6.69359961801216059e-08
65,55,8.58545310817847000e-08,-3.38628466614530982e-08
65,56,-9.71840966015086976e-09,1.11919771431306002e-07
65,57,3.65643373972333000e-08,3.09157179010838032e-08
65,58,4.36321718228367031e-09,1.85251393514464008e-08
65,59,4.09806720618272008e-08,2.85311340795549016e-08
65,60,-1.49144114421668001e-07,-6.47798198590902961e-08
65,61,-8.25764910453432937e-08,-1.93528218007677005e-08
65,62,4.94196053758251024e-08,-1.50469107771676992e-07
65,63,3.24709960238750981e-08,2.62877269233117008e-08
65,64,1.81179369142617001e-07,-1.66180919980550005e-07
65,65,-5.75443363256104005e-08,-7.96937941799424941e-08
66,0,7.10097141867110028e-08,0.00000000000000000e+00
66,1,2.74966536011193012e-08,1.33888413259107011e-07
66,2,-9.02792095732029063e-09,-4.73629139358666003e-08
66,3,-2.06853842339289995e-07,-3.64184356702118999e-08
66,4,-3.53671400489845969e-08,-5.03041971099728997e-08
66,5,-3.00892424071681984e-08,-1.11630403474851998e-09
66,6,-6.51678734217351973e-08,-1.22970598184608003e-08
66,7,1.59219876839159987e-08,-3.01824156909886021e-08
66,8,2.84723547036255002e-08,-1.51533158303107989e-07
66,9,-2.09816667183540990e-08,-6.52693006263820060e-08
66,10,-2.85678278857004009e-08,6.38363789116036963e-08
66,11,-5.30541011034600011e-08,2.40913758807649017e-07
66,12,9.88493381401226049e-08,5.81098664942972987e-08
66,13,-5.59831011019948965e-09,-4.81156152483866995e-08
66,14,-2.83509262494713992e-08,6.37129605885280970e-08
66,15,-3.35953390923258993e-08,-7.33964415718942021e-08
66,16,4.10075511712664006e-08,7.92861153821947981e-08
66,17,-5.34267423040574018e-08,1.20892093396294993e-07
66,18,7.20613354946239996e-08,-1.00067914702429996e-07
66,19,-2.71734822615203994e-08,2.78985044437233996e-09
66,20,6.77628065754302019e-09,1.24550148339967997e-07
66,21,-2.77454556750421007e-08,-2.07323137596529991e-08
66,22,-4.72577978046046998e-08,-3.28673044243404986e-09
66,23,3.98852503506835017e-08,1.21139501373217011e-07
66,24,1.58810222492838009e-07,9.79821949187425969e-08
66,25,-3.35930430052962974e-08,7.42453695675916983e-08
66,26,6.06645397012865982e-08,-8.27970702075097009e-09
66,27,-9.41058333242195015e-08,-5.81473902203444011e-08
66,28,-7.65968219951999937e-08,1.13317566251234005e-07
66,29,3.21643453382237996e-08,-4.29235946131750028e-08
66,30,8.40028101543370000e-08,-1.17771152804235005e-07
66,31,-1.24781648094491004e-07,2.05812901479680002e-07
66,32,-5.64376109141181025e-08,-4.60326431444762009e-08
66,33,8.02471961769829949e-08,-3.74997473720210001e-08
66,34,7.63182461040098938e-11,-6.23768744017408012e-08
66,35,1.21058766936776995e-08,-6.35291302824357059e-08
66,36,8.03797982583665995e-08,9.74653382378205950e-09
66,37,3.81370645631707991e-08,5.31607384502584002e-08
66,38,-9.71689637016285976e-08,-1.87163982576999984e-08
66,39,1.22876027226821990e-07,1.47374705508887994e-07
66,40,2.21916840709828992e-08,2.05409825051097009e-07
66,41,3.57807543151264019e-09,-7.79981479825850941e-09
66,42,1.20368047136706004e-07,-3.72145089186534026e-08
66,43,-5.41302164310446030e-08,2.05902442215916006e-08
66,44,1.40727558106951011e-07,6.83028779632224055e-08
66,45,-3.00623971197916997e-08,2.76633672430156010e-08
66,46,7.63358892349805025e-08,-4.17621695268930973e-08
66,47,-1.46192440607896009e-07,-1.55160044107667015e-08
66,48,3.77232555707049024e-09,-2.48628497548128014e-08
66,49,-5.74174993037251972e-08,2.63025808099736999e-08
66,50,-2.99671350689179023e-08,-1.60178691979186010e-09
66,51,-4.22430773189470977e-08,-1.93117360825139996e-09
66,52,-9.13803131411817962e-08,-2.95100749456817019e-09
66,53,-4.68736354977722981e-08,-9.31229387730184998e-08
66,54,-3.79272598040431988e-08,-8.26106721530418987e-08
66,55,-1.15513662382825000e-07,-1.07387023452214001e-07
66,56,4.28054382560873016e-08,-1.80931822379708993e-08
66,57,-4.91790538833009990e-08,-1.17333898005192998e-07
66,58,-6.36475944568004991e-08,3.47809219259120999e-08
66,59,4.92717434766515984e-08,-3.73767339082081006e-09
66,60,-1.31142387529519998e-07,-1.19575873398387998e-07
66,61,-3.60108261262758982e-08,2.04778955016711013e-08
66,62,4.53779481714425020e-09,4.62251137996936993e-11
66,63,-8.67227618684535982e-08,-2.02378152682877991e-08
66,64,-8.25132282192631992e-08,2.08910906745839999e-07
66,65,-1.39726631853457007e-07,4.62585495984308975e-08
66,66,-1.06567529553375006e-07,7.26265234784690952e-08
67,0,-2.54781316458250984e-07,0.00000000000000000e+00
67,1,-4.89105131014786968e-08,-1.03197513203935003e-07
67,2,6.62436764317460043e-08,-1.38576864377577000e-07
67,3,1.41065998296908997e-07,-8.57814300735345040e-09
67,4,-5.15868004654791010e-08,4.51103920608147992e-08
67,5,-1.29088649186153009e-07,7.41791437304399949e-08
67,6,-3.45479217967917015e-08,2.66046283259064014e-08
67,7,-4.64384679056450020e-08,4.47657022359028014e-08
67,8,-3.59525936037356011e-08,1.08993127876144000e-07
67,9,-1.05905010200601004e-07,9.54645296219936047e-08
67,10,-5.43328660449696983e-08,3.03147782821430012e-08
67,11,6.14960642398409036e-08,-1.23426260790074005e-07
67,12,-1.91856729785958998e-08,-6.63981610344079988e-08
67,13,4.13247733884832024e-08,-1.59696063828661007e-07
67,14,-4.63243155164945023e-08,-1.06067197029975006e-07
67,15,-5.69334287184358974e-08,2.99414970256209992e-08
67,16,6.61845515998087056e-08,8.76418296634142037e-08
67,17,3.55631830082227983e-08,-6.94088584493945055e-08
67,18,2.54094396807908005e-08,1.06479367926183006e-07
67,19,-5.56655855822293982e-08,1.20741272669313990e-07
67,20,-3.87361932771055008e-08,3.08003255535714994e-08
67,21,-7.34311122837919967e-08,4.78391019193006980e-08
67,22,1.41028801492967012e-07,7.17923115364714026e-08
67,23,8.02484056294994066e-08,-2.09723752007876989e-07
67,24,3.74362653156900003e-08,7.71160485830675990e-08
67,25,-1.89034167857617995e-07,1.13521748112608002e-07
67,26,9.13888033027344048e-08,-1.06053997339449003e-07
67,27,6.67198049522706052e-08,1.99117989562876988e-08
67,28,4.61243089123188013e-08,-6.17037329865733023e-08
67,29,7.10431336062736017e-08,-9.90710039121614944e-08
67,30,-1.32935255746066002e-07,5.56282877310405027e-08
67,31,-8.55897014869625945e-09,4.30892099318604978e-08
67,32,1.03646981914269998e-07,-4.06640998931080004e-08
67,33,-7.03812063585826958e-08,8.93027734179386949e-08
67,34,-6.27028321443871967e-08,1.05604994979798999e-07
67,35,3.18931564612582996e-08,-3.03189433454272027e-08
67,36,-9.37567761200445055e-08,-1.62723036025439006e-08
67,37,-6.47685006310487988e-08,-9.27788143942818992e-08
67,38,4.75584327602097013e-08,4.67319734055031988e-08
67,39,5.35416362346288017e-08,-1.45432804023748008e-08
67,40,-1.17502387045434003e-07,-9.82839046380144957e-08
67,41,-5.87471016816053023e-09,-6.64489156285219001e-09
67,42,4.64202014358174990e-08,1.33916029129441000e-07
67,43,-3.78538140417183013e-08,-4.27822292131910980e-09
67,44,5.77571953239245019e-08,6.76400933338752981e-09
67,45,6.23839671217461969e-09,-2.00842670598996013e-07
67,46,-5.20235498720842991e-08,4.67379091250440963e-09
67,47,-1.31306549796856996e-07,-5.58099950176971022e-08
67,48,-2.18225956951731015e-08,6.92866063774051949e-08
67,49,-2.88181217420564012e-08,9.52312349965415046e-08
67,50,-7.72512608281035061e-08,-3.91789443332313029e-08
67,51,6.92501204993869980e-09,2.04074494959244990e-08
67,52,5.96696973732357942e-08,-2.77236015459809992e-09
67,53,1.05688112114394998e-07,9.84917046711741946e-08
67,54,-1.18951119653639006e-08,3.42086697667863983e-08
67,55,1.17517985775405994e-07,6.72753853016202986e-08
67,56,1.97459526507571997e-07,-5.19825916116709016e-08
67,57,-1.71087942317827995e-07,-3.66117632047430019e-08
67,58,4.35758217124013998e-08,4.54538872177524027e-08
67,59,2.19305669866607007e-08,-5.66798512099422023e-08
67,60,-1.36584240853335006e-08,1.91885403724792011e-08
67,61,8.91604381480453049e-08,1.21182284196338006e-07
67,62,1.21627567919040012e-07,-2.76390290641048989e-08
67,63,-4.18127688073870978e-08,1.12154441140469004e-07
67,64,1.48507587903107011e-07,4.55316501355091991e-08
67,65,-3.67038621745747987e-08,-2.00557000436453989e-07
67,66,8.21588327266270954e-08,-5.06043209304167008e-08
67,67,-6.05561358836489009e-08,-2.81815890344502016e-08
68,0,7.79259748929316947e-08,0.00000000000000000e+00
68,1,2.18371803334200003e-09,-1.34115865824159998e-08
68,2,-1.46329469010688008e-08,1.74996614591170987e-08
68,3,2.83922843514936012e-08,-1.40291558370141001e-08
68,4,-4.72265837564532020e-08,2.56877697021818998e-08
68,5,1.23427273757073993e-07,5.19380332965677007e-08
68,6,-2.08615735332374006e-08,-2.30085314360920010e-07
68,7,3.59290399160344023e-11,-1.04490635214691001e-07
68,8,-2.99869590777875016e-08,6.77828193482249978e-10
68,9,1.24938691075337012e-07,5.14136392363511970e-08
68,10,2.47941509788123000e-08,1.07317481821565994e-07
68,11,-6.66311729372811957e-08,4.45837865423558996e-08
68,12,7.62569406761788049e-08,-7.85649845616605963e-08
68,13,-3.75432068514473010e-09,-5.81513454707124975e-08
68,14,-2.46101325895143997e-08,5.10748840417466030e-08
68,15,1.22341624744057998e-07,1.65488050274555012e-07
68,16,-4.24994377586905005e-08,-4.35806345677770974e-08
68,17,-8.29322007015918997e-08,-1.20377038478459992e-08
68,18,8.24699309830087055e-09,-2.28936756567761012e-08
68,19,6.23912687272997037e-08,-6.40638423582863006e-08
68,20,2.35756765745815983e-08,4.31425786988247030e-08
68,21,1.30284764435170002e-07,-3.43254014819066006e-08
68,22,8.39333823431447041e-08,-1.32203010029410009e-07
68,23,-1.01609405201826001e-07,3.99612172735104022e-08
68,24,-5.46467255736704025e-08,5.31419349371582975e-08
68,25,1.00914201744190999e-07,-9.52375218888548996e-08
68,26,1.49837405573981005e-07,-1.13535542184933006e-07
68,27,-1.81501752450436008e-07,-9.89593034774540033e-08
68,28,1.10661562147803995e-07,-1.21248165868224009e-07
68,29,-6.97526722874011946e-08,1.25000707627547988e-07
68,30,-2.62730470733636989e-08,6.61629184338262032e-09
68,31,6.34147869022210021e-08,5.77175716915138004e-08
68,32,9.90259434401814046e-08,5.87388608188044981e-08
68,33,-7.52242069305937983e-08,-1.93599032414970985e-08
68,34,6.32631095592510951e-08,-9.84859694042183029e-08
68,35,1.19274304164693993e-07,-2.71093560286100986e-08
68,36,-6.37712819238306942e-08,4.38334853465340019e-08
68,37,5.03552205044997987e-08,4.14383172970859027e-08
68,38,-1.61427487385886003e-07,8.76433383310902050e-08
68,39,-5.12648655075612030e-08,-8.03755609670213018e-08
68,40,2.27829278394190007e-08,-4.76310997560683982e-08
68,41,8.93210867026649997e-09,7.93843775713133955e-08
68,42,3.28940329306905006e-08,-6.06882375173328039e-08
68,43,-2.37052001707258999e-08,-1.52747305368232995e-08
68,44,4.14503615123714969e-08,2.75664059688706000e-08
68,45,-1.14094661394220004e-07,4.10002813854180997e-08
68,46,-1.96556298906888000e-07,9.61673571648340026e-08
68,47,1.39536840643150009e-09,-1.18339721420463998e-07
68,48,-1.92709647579923006e-08,8.23958574791303040e-08
68,49,-6.17024243326003064e-08,-8.15042844546030040e-08
68,50,8.98562217995998053e-08,-7.79133049537365946e-08
68,51,1.15563605531885999e-07,-1.38092675840390995e-07
68,52,-1.46723917232200001e-08,-3.89476975204785967e-08
68,53,-6.55265574779859028e-08,6.65693341147476056e-08
68,54,-4.48365956480590975e-08,-6.98052076931709015e-09
68,55,2.80491390619195013e-08,-4.13218546148010018e-08
68,56,-7.90851514587010989e-08,2.76221517129240993e-08
68,57,-4.90484967650026001e-08,9.20822729598723977e-08
68,58,3.53522005645134014e-08,4.84754388774070024e-08
68,59,-5.59575910821490032e-08,-3.42178905334951988e-08
68,60,9.74944629503749979e-08,-1.95049599040342992e-08
68,61,1.57979199731109006e-08,-6.27081182205350989e-08
68,62,-4.65343350644189030e-08,-1.11937627616118997e-07
68,63,-2.86413032547623995e-08,-5.74029261881729989e-08
68,64,9.03819358034754967e-10,-7.30709273926696045e-08
68,65,-1.56889694304518005e-07,6.75380935782664935e-08
68,66,-3.52730281064819973e-08,7.15333206004642028e-08
68,67,7.49988472690581062e-08,5.04338858782130968e-09
68,68,9.60406099575346063e-08,5.49195638369120015e-09
69,0,-1.43530974293897988e-07,0.00000000000000000e+00
69,1,-3.71113721761739989e-08,1.52078180953806987e-08
69,2,1.15312954707940000e-07,1.25161044314816993e-07
69,3,-3.22000800180485014e-08,2.00706426256230015e-08
69,4,4.20986122891728998e-08,-3.12379916924778020e-08
69,5,-1.49963223836111006e-07,-5.57155451342041033e-09
69,6,9.27125063422100978e-08,-1.01275800686971000e-07
69,7,6.41851278039431035e-09,2.18575804088741989e-07
69,8,-1.92664116240300012e-08,5.78764112896339995e-08
69,9,-3.27983509701062978e-08,-5.89880949732825020e-08
69,10,-7.56633183317725975e-08,-1.11517281003960004e-07
69,11,1.10656680633857995e-07,-9.39526452327455066e-08
69,12,1.40342766965890999e-08,4.94526080115191984e-08
69,13,-9.43736545730613026e-08,3.74179135188163027e-08
69,14,7.36644898617746995e-08,1.84130360908784009e-07
69,15,6.60525812608844981e-08,1.73404620439811007e-08
69,16,-6.34391272646921056e-08,-3.86834472901321009e-08
69,17,2.84956261777423986e-08,3.92722853028435980e-08
69,18,3.49469774302310009e-08,7.42467082083718943e-08
69,19,9.61019113701458977e-08,8.74143759347208964e-08
69,20,1.70270899861121998e-07,-8.20373028156026969e-08
69,21,-1.68177323664287989e-07,-8.40787163873860948e-08
69,22,-3.62659346010207981e-08,1.33214565854031003e-07
69,23,-5.50395767006935025e-09,-3.29679169622022974e-08
69,24,7.00096327978087042e-08,1.56218730614571985e-08
69,25,3.86635966886309022e-08,1.10429545258845001e-08
69,26,-1.91175636811517008e-07,-1.67254886091854994e-08
69,27,2.13923662284774007e-07,4.30731352667297003e-08
69,28,-1.56756303524800006e-07,1.60092300480955000e-07
69,29,-5.95516899582399025e-08,4.07436639579374981e-08
69,30,-1.63491010819204991e-08,8.33378768477363039e-08
69,31,-1.62922948684358012e-08,-1.32712964668008997e-08
69,32,2.04140513758916985e-08,-5.96803420349878991e-08
69,33,-2.11111520398347999e-08,-1.28983779433700011e-07
69,34,1.70798271055233009e-08,1.11363862851085000e-07
69,35,-7.38637440871324959e-08,1.28319724165221997e-08
69,36,-3.84631155174361009e-08,-8.06897555050629969e-08
69,37,-3.61122830176462972e-08,-7.15396179549126030e-08
69,38,-1.97673836155625007e-08,-1.31624589752195992e-08
69,39,7.41805814724453945e-08,-2.36638168777369985e-08
69,40,-2.66455102592800990e-08,6.73775468674630019e-09
69,41,1.43341002248804990e-07,7.97291879365073028e-08
69,42,-1.27541659347460008e-07,3.65556167489448014e-09
69,43,-4.04414845893548971e-08,5.69456103855371977e-08
69,44,8.31279402460732048e-08,-1.34105088634060995e-08
69,45,-4.57570144465135987e-09,-3.21688556885200007e-08
69,46,7.40589905780459005e-08,-6.21383304532292012e-08
69,47,4.82815347746360012e-08,3.30724580615598982e-09
69,48,1.84924938715980999e-08,1.55177451551414010e-07
69,49,2.31981165476200991e-08,3.37598773655449991e-08
69,50,5.28807616891963998e-08,-1.23847636005340002e-07
69,51,5.54131479025812010e-08,1.85230630603525997e-08
69,52,-2.33657453827924997e-08,-4.90042897488742987e-08
69,53,-4.36987742820026002e-08,-4.87087598568280021e-09
69,54,8.92905469010630046e-08,-1.32328007471740009e-07
69,55,-2.08610202220385007e-07,-3.47189880908224006e-09
69,56,6.43767143666703037e-09,-2.22323239585763989e-09
69,57,4.22672178598936969e-09,-3.23649253444411023e-08
69,58,1.57703698595293998e-08,-1.42552161740764002e-07
69,59,-6.98812708654388034e-08,-5.72340898817993022e-08
69,60,2.73221730264764999e-08,-1.96478567742874007e-08
69,61,-3.25327560416241975e-08,6.11565854532057987e-08
69,62,-2.13723780657703009e-08,-3.37327651332637031e-08
69,63,9.05898500639130077e-09,1.11776686753237000e-07
69,64,1.73042410935526000e-07,5.21970230702113996e-08
69,65,1.33294626557830988e-07,-3.97286635611449012e-08
69,66,-3.50827636509312983e-08,-7.96082592315930026e-08
69,67,-1.46258274002620005e-09,-5.41078701746374021e-09
69,68,-1.53928188220550989e-07,-3.73022117035856974e-08
69,69,-4.73564579126028008e-08,9.66082769156571041e-08
70,0,-5.96573281429779056e-08,0.00000000000000000e+00
70,1,7.63610767785856995e-08,1.58365970721227988e-07
70,2,-1.10554285791953995e-07,-1.07589194136277000e-07
70,3,-7.96099738884536963e-08,-7.25965765326851060e-08
70,4,-9.41589884324807018e-08,2.71686036064392000e-08
70,5,4.86486617907192014e-08,6.87629664282159985e-08
70,6,-8.60256629147164056e-09,-3.55393238004095020e-09
70,7,5.47307527981599031e-08,5.56072024771966021e-09
70,8,-4.62534032037107985e-08,-1.09837253713512004e-07
70,9,-1.43407755537398006e-08,1.75568147778318993e-09
70,10,-9.77122940216801949e-09,3.99058001963739968e-08
70,11,8.07196590913457053e-08,1.14806874250587997e-07
70,12,-8.29778711635687049e-08,5.96929800949477984e-08
70,13,3.89292379466131020e-08,-8.22569743006819046e-08
70,14,4.55179605243399020e-08,-4.44518001690414015e-08
70,15,-5.05449001935399030e-08,-8.23162377491553985e-08
70,16,-3.09489253241339017e-09,-3.37241476906692982e-09
70,17,-3.64075409918940007e-08,1.16686440026246002e-07
70,18,-3.32434252850035995e-08,-4.67025181313258972e-08
70,19,4.48045348570155021e-08,3.82705172091818014e-08
70,20,-1.87779456254658990e-07,-8.00518705251532930e-09
70,21,-5.31545563546411005e-08,-2.20315688646200011e-08
70,22,1.45227049468392004e-08,8.64879112332694968e-09
70,23,6.79518206689290044e-08,-6.79190914398796945e-08
70,24,1.78712169236016992e-08,-1.25142977035260999e-08
70,25,7.06471674899932944e-08,-1.92198009867672008e-07
70,26,5.72542009537508022e-08,-4.64206852855016975e-08
70,27,-3.21975221315143998e-08,1.04421041249877997e-07
70,28,-8.26898819131573946e-08,-1.15812244330733004e-07
70,29,1.18854899519738998e-07,-5.49439976575096971e-08
70,30,8.56272808856409998e-08,7.79331588743750032e-08
70,31,1.13380554932510994e-08,-1.04815791765893994e-07
70,32,9.33729347734595965e-08,-3.69252965975839974e-08
70,33,-1.23756148175236003e-08,1.00815319309204003e-07
70,34,1.02237847897974008e-08,6.27834614100691028e-08
70,35,-6.83371729870520995e-08,-2.11412872160472007e-08
70,36,-5.18877749779770033e-08,6.77511754437841012e-08
70,37,7.84368221767867005e-08,1.98724198760417995e-08
70,38,-3.87247543199092021e-08,1.73318542056942013e-08
70,39,8.98668512920247023e-08,-1.11028097805309998e-07
70,40,8.71593146271158978e-08,-2.62834106603103006e-08
70,41,1.58709233175898012e-08,-2.19191668993472994e-08
70,42,-2.66895726600552982e-09,-1.34726069466216010e-07
70,43,3.21915653401545002e-08,-7.36184049615379986e-08
70,44,-1.12963715363915000e-08,-1.00332832769421001e-07
70,45,-2.18930899840298995e-09,2.70855150251907990e-08
70,46,-2.00347056841503998e-08,-9.88039401363564060e-08
70,47,-5.10407859646888027e-08,5.54945590238093964e-09
70,48,-3.09756161855110968e-08,-4.13328948182276029e-08
70,49,7.00567087830557045e-08,-4.81439802421953974e-08
70,50,-2.16641585549966984e-08,-1.82170349056119008e-08
70,51,1.07905746300584999e-07,5.66121286601056984e-08
70,52,-3.71941300036912013e-08,5.65692635864587984e-09
70,53,7.42092340959172051e-08,-3.15825650157462988e-08
70,54,-7.87592618633114956e-08,-3.31178856455249991e-08
70,55,4.11764409082250018e-08,8.20505084078257971e-08
70,56,1.75370150339201996e-07,-9.26378738017084935e-08
70,57,1.38302971378538010e-07,-1.71234918490113001e-08
70,58,2.87791658664976011e-08,1.41768340256766992e-07
70,59,9.46924248239399982e-08,-1.62249805842671986e-08
70,60,2.13367594138919000e-08,-8.09966276176589968e-08
70,61,-2.99020656906918968e-08,7.04033838932447999e-08
70,62,4.20264745678497968e-08,6.03665652600600036e-09
70,63,1.31449847636619008e-07,5.09904402140403023e-09
70,64,-6.33149404960654963e-08,-6.04941402348782035e-08
70,65,-2.05320801136574013e-07,9.78854725636994049e-08
70,66,-1.47120751310616995e-07,1.12541826531756994e-07
70,67,9.35744979172668059e-08,7.01231923352952065e-08
70,68,-6.55000345725558020e-09,4.71882892309738028e-08
70,69,7.98125468448828953e-08,-8.51915422544739023e-08
70,70,-5.37924525549997979e-08,-1.03910718677917995e-07
